--
-- PostgreSQL database dump
--

-- Dumped from database version 13.3
-- Dumped by pg_dump version 13.3

SET statement_timeout = 0;
SET lock_timeout = 0;
SET idle_in_transaction_session_timeout = 0;
SET client_encoding = 'UTF8';
SET standard_conforming_strings = on;
SELECT pg_catalog.set_config('search_path', '', false);
SET check_function_bodies = false;
SET xmloption = content;
SET client_min_messages = warning;
SET row_security = off;


--
-- Data for Name: AtMode; Type: TABLE DATA; Schema: public; Owner: atr
--

INSERT INTO public."AtMode" ("atId", name) VALUES (2, 'reading');
INSERT INTO public."AtMode" ("atId", name) VALUES (2, 'interaction');
INSERT INTO public."AtMode" ("atId", name) VALUES (3, 'modeless');
INSERT INTO public."AtMode" ("atId", name) VALUES (1, 'reading');
INSERT INTO public."AtMode" ("atId", name) VALUES (1, 'interaction');


--
-- Data for Name: AtVersion; Type: TABLE DATA; Schema: public; Owner: atr
--

INSERT INTO public."AtVersion" ("atId", "atVersion") VALUES (2, '2019.3');
INSERT INTO public."AtVersion" ("atId", "atVersion") VALUES (2, '2020.1');
INSERT INTO public."AtVersion" ("atId", "atVersion") VALUES (2, '2020.2');
INSERT INTO public."AtVersion" ("atId", "atVersion") VALUES (2, '2020.3');
INSERT INTO public."AtVersion" ("atId", "atVersion") VALUES (2, '2020.4');
INSERT INTO public."AtVersion" ("atId", "atVersion") VALUES (1, '2021.2103.174');
INSERT INTO public."AtVersion" ("atId", "atVersion") VALUES (3, 'MacOS');


--
-- Data for Name: BrowserVersion; Type: TABLE DATA; Schema: public; Owner: atr
--

INSERT INTO public."BrowserVersion" ("browserId", "browserVersion") VALUES (1, '86.0');
INSERT INTO public."BrowserVersion" ("browserId", "browserVersion") VALUES (1, '86.0.1');
INSERT INTO public."BrowserVersion" ("browserId", "browserVersion") VALUES (1, '87.0');
INSERT INTO public."BrowserVersion" ("browserId", "browserVersion") VALUES (1, '88.0');
INSERT INTO public."BrowserVersion" ("browserId", "browserVersion") VALUES (1, '88.0.1');
INSERT INTO public."BrowserVersion" ("browserId", "browserVersion") VALUES (2, '90.0.4430');
INSERT INTO public."BrowserVersion" ("browserId", "browserVersion") VALUES (2, '91.0.4472');
INSERT INTO public."BrowserVersion" ("browserId", "browserVersion") VALUES (3, '13.0');
INSERT INTO public."BrowserVersion" ("browserId", "browserVersion") VALUES (3, '13.1');
INSERT INTO public."BrowserVersion" ("browserId", "browserVersion") VALUES (3, '14.0');
INSERT INTO public."BrowserVersion" ("browserId", "browserVersion") VALUES (3, '14.1');


--
-- Data for Name: TestPlanTarget; Type: TABLE DATA; Schema: public; Owner: atr
--

INSERT INTO public."TestPlanTarget" (id, title, "atId", "browserId", "atVersion", "browserVersion") VALUES (1, 'JAWS 2021.2103.174 with Chrome 91.0.4472', 1, 2, '2021.2103.174', '91.0.4472');
INSERT INTO public."TestPlanTarget" (id, title, "atId", "browserId", "atVersion", "browserVersion") VALUES (2, 'NVDA 2020.4 with Firefox 88.0.1', 2, 1, '2020.4', '88.0.1');
INSERT INTO public."TestPlanTarget" (id, title, "atId", "browserId", "atVersion", "browserVersion") VALUES (3, 'NVDA 2020.4 with Firefox 88.0.1', 2, 1, '2020.4', '88.0.1');


--
-- Data for Name: TestPlanReport; Type: TABLE DATA; Schema: public; Owner: atr
--

INSERT INTO public."TestPlanReport" (id, "status", "testPlanTargetId", "testPlanVersionId", "createdAt") VALUES (1, 'DRAFT', 1, 1, '2021-05-14 14:18:23.602-05');
INSERT INTO public."TestPlanReport" (id, "status", "testPlanTargetId", "testPlanVersionId", "createdAt") VALUES (2, 'DRAFT', 2, 1, '2021-05-14 14:18:23.602-05');
INSERT INTO public."TestPlanReport" (id, "status", "testPlanTargetId", "testPlanVersionId", "createdAt") VALUES (3, 'FINALIZED', 3, 1, '2021-05-14 14:18:23.602-05');


--
-- Data for Name: User; Type: TABLE DATA; Schema: public; Owner: atr
--

INSERT INTO public."User" (id, username, "createdAt", "updatedAt") VALUES (1, 'esmeralda-baggins', '2021-05-14 13:57:16.232-05', '2021-05-14 13:57:20.473-05');
INSERT INTO public."User" (id, username, "createdAt", "updatedAt") VALUES (2, 'tom-proudfeet', '2021-05-14 13:57:16.232-05', '2021-05-14 13:57:20.473-05');
INSERT INTO public."UserAts" ("userId", "atId") VALUES (1, 1);
INSERT INTO public."UserAts" ("userId", "atId") VALUES (1, 2);
INSERT INTO public."UserAts" ("userId", "atId") VALUES (2, 3);
INSERT INTO public."UserRoles" ("userId", "roleName") VALUES (1, 'ADMIN');
INSERT INTO public."UserRoles" ("userId", "roleName") VALUES (1, 'TESTER');
INSERT INTO public."UserRoles" ("userId", "roleName") VALUES (2, 'TESTER');


--
-- Data for Name: TestPlanRun; Type: TABLE DATA; Schema: public; Owner: atr
--

INSERT INTO public."TestPlanRun" (id, "testerUserId", "testPlanReportId", "testResults") VALUES (1, 1, 1, '
	{"{\"test\": {\"scripts\": \"var scripts = {\\n\\n\\t};\", \"htmlFile\": \"build/tests/checkbox/test-01-navigate-to-unchecked-checkbox-reading.html\", \"testJson\": {\"mode\": \"reading\", \"task\": \"navigate to unchecked checkbox\", \"applies_to\": [\"jaws\", \"nvda\"], \"setupTestPage\": \"\", \"output_assertions\": [[\"1\", \"Role ''checkbox'' is conveyed\"], [\"1\", \"Name ''Lettuce'' is conveyed\"], [\"1\", \"State of the checkbox (not checked) is conveyed\"]], \"setup_script_description\": \"\", \"specific_user_instruction\": \"Navigate to the first checkbox. Note: it should be in the unchecked state.\"}, \"commandJson\": {\"navigate to unchecked checkbox\": {\"reading\": {\"jaws\": [[\"X_AND_SHIFT_X\"], [\"F_AND_SHIFT_F\"], [\"TAB_AND_SHIFT_TAB\"], [\"UP_AND_DOWN\"], [\"LEFT_AND_RIGHT\", \"(with Smart Navigation on)\"]], \"nvda\": [[\"X_AND_SHIFT_X\"], [\"F_AND_SHIFT_F\"], [\"TAB_AND_SHIFT_TAB\"], [\"UP_AND_DOWN\"]]}, \"interaction\": {\"jaws\": [[\"TAB_AND_SHIFT_TAB\"]], \"nvda\": [[\"TAB_AND_SHIFT_TAB\"]], \"voiceover_macos\": [[\"TAB_AND_SHIFT_TAB\"], [\"CTRL_OPT_RIGHT_AND_CTRL_OPT_LEFT\"], [\"CTRL_OPT_CMD_J_AND_SHIFT_CTRL_OPT_CMD_J\"]]}}}, \"testFullName\": \"Navigate to an unchecked checkbox in reading mode\", \"executionOrder\": 1}, \"state\": {\"info\": {\"mode\": \"reading\", \"task\": \"navigate to unchecked checkbox\", \"description\": \"Navigate to an unchecked checkbox in reading mode\", \"modeInstructions\": \"Insure NVDA is in browse mode by pressing Escape. Note: This command has no effect if NVDA is already in browse mode.\", \"userInstructions\": [\"Navigate to the first checkbox. Note: it should be in the unchecked state.\"], \"setupScriptDescription\": \"\"}, \"config\": {\"at\": {\"key\": \"nvda\", \"name\": \"NVDA\"}, \"displaySubmitButton\": true, \"renderResultsAfterSubmit\": true}, \"errors\": [], \"commands\": [{\"atOutput\": {\"value\": \"Sandwich Condiments grouping list with 4 items lettuce checkbox not checked\", \"highlightRequired\": false}, \"assertions\": [{\"result\": \"pass\", \"priority\": 1, \"description\": \"Role ''checkbox'' is conveyed\", \"highlightRequired\": false}, {\"result\": \"pass\", \"priority\": 1, \"description\": \"Name ''Lettuce'' is conveyed\", \"highlightRequired\": false}, {\"result\": \"pass\", \"priority\": 1, \"description\": \"State of the checkbox (not checked) is conveyed\", \"highlightRequired\": false}], \"unexpected\": {\"behaviors\": [{\"more\": null, \"checked\": false, \"description\": \"Output is excessively verbose, e.g., includes redundant and/or irrelevant speech\"}, {\"more\": null, \"checked\": false, \"description\": \"Reading cursor position changed in an unexpected manner\"}, {\"more\": null, \"checked\": false, \"description\": \"Screen reader became extremely sluggish\"}, {\"more\": null, \"checked\": false, \"description\": \"Screen reader crashed\"}, {\"more\": null, \"checked\": false, \"description\": \"Browser crashed\"}, {\"more\": {\"value\": \"\", \"highlightRequired\": false}, \"checked\": false, \"description\": \"Other\"}], \"hasUnexpected\": \"doesNotHaveUnexpected\", \"tabbedBehavior\": -1, \"highlightRequired\": false}, \"description\": \"X / Shift+X\", \"additionalAssertions\": []}, {\"atOutput\": {\"value\": \"Sandwich Condiments grouping list with 4 items lettuce checkbox not checked\", \"highlightRequired\": false}, \"assertions\": [{\"result\": \"pass\", \"priority\": 1, \"description\": \"Role ''checkbox'' is conveyed\", \"highlightRequired\": false}, {\"result\": \"pass\", \"priority\": 1, \"description\": \"Name ''Lettuce'' is conveyed\", \"highlightRequired\": false}, {\"result\": \"pass\", \"priority\": 1, \"description\": \"State of the checkbox (not checked) is conveyed\", \"highlightRequired\": false}], \"unexpected\": {\"behaviors\": [{\"more\": null, \"checked\": false, \"description\": \"Output is excessively verbose, e.g., includes redundant and/or irrelevant speech\"}, {\"more\": null, \"checked\": false, \"description\": \"Reading cursor position changed in an unexpected manner\"}, {\"more\": null, \"checked\": false, \"description\": \"Screen reader became extremely sluggish\"}, {\"more\": null, \"checked\": false, \"description\": \"Screen reader crashed\"}, {\"more\": null, \"checked\": false, \"description\": \"Browser crashed\"}, {\"more\": {\"value\": \"\", \"highlightRequired\": false}, \"checked\": false, \"description\": \"Other\"}], \"hasUnexpected\": \"doesNotHaveUnexpected\", \"tabbedBehavior\": -1, \"highlightRequired\": false}, \"description\": \"F / Shift+F\", \"additionalAssertions\": []}, {\"atOutput\": {\"value\": \"Sandwich Condiments grouping list with 4 items lettuce checkbox not checked\", \"highlightRequired\": false}, \"assertions\": [{\"result\": \"pass\", \"priority\": 1, \"description\": \"Role ''checkbox'' is conveyed\", \"highlightRequired\": false}, {\"result\": \"pass\", \"priority\": 1, \"description\": \"Name ''Lettuce'' is conveyed\", \"highlightRequired\": false}, {\"result\": \"pass\", \"priority\": 1, \"description\": \"State of the checkbox (not checked) is conveyed\", \"highlightRequired\": false}], \"unexpected\": {\"behaviors\": [{\"more\": null, \"checked\": false, \"description\": \"Output is excessively verbose, e.g., includes redundant and/or irrelevant speech\"}, {\"more\": null, \"checked\": false, \"description\": \"Reading cursor position changed in an unexpected manner\"}, {\"more\": null, \"checked\": false, \"description\": \"Screen reader became extremely sluggish\"}, {\"more\": null, \"checked\": false, \"description\": \"Screen reader crashed\"}, {\"more\": null, \"checked\": false, \"description\": \"Browser crashed\"}, {\"more\": {\"value\": \"\", \"highlightRequired\": false}, \"checked\": false, \"description\": \"Other\"}], \"hasUnexpected\": \"doesNotHaveUnexpected\", \"tabbedBehavior\": -1, \"highlightRequired\": false}, \"description\": \"Tab / Shift+Tab\", \"additionalAssertions\": []}, {\"atOutput\": {\"value\": \"Sandwich Condiments grouping list with 4 items lettuce checkbox not checked\", \"highlightRequired\": false}, \"assertions\": [{\"result\": \"pass\", \"priority\": 1, \"description\": \"Role ''checkbox'' is conveyed\", \"highlightRequired\": false}, {\"result\": \"pass\", \"priority\": 1, \"description\": \"Name ''Lettuce'' is conveyed\", \"highlightRequired\": false}, {\"result\": \"pass\", \"priority\": 1, \"description\": \"State of the checkbox (not checked) is conveyed\", \"highlightRequired\": false}], \"unexpected\": {\"behaviors\": [{\"more\": null, \"checked\": false, \"description\": \"Output is excessively verbose, e.g., includes redundant and/or irrelevant speech\"}, {\"more\": null, \"checked\": false, \"description\": \"Reading cursor position changed in an unexpected manner\"}, {\"more\": null, \"checked\": false, \"description\": \"Screen reader became extremely sluggish\"}, {\"more\": null, \"checked\": false, \"description\": \"Screen reader crashed\"}, {\"more\": null, \"checked\": false, \"description\": \"Browser crashed\"}, {\"more\": {\"value\": \"\", \"highlightRequired\": false}, \"checked\": false, \"description\": \"Other\"}], \"hasUnexpected\": \"doesNotHaveUnexpected\", \"tabbedBehavior\": -1, \"highlightRequired\": false}, \"description\": \"Up Arrow / Down Arrow\", \"additionalAssertions\": []}], \"openTest\": {\"enabled\": true}, \"currentUserAction\": \"showResults\"}, \"result\": {\"results\": {\"table\": {\"headers\": {\"details\": \"Details\", \"support\": \"Support\", \"description\": \"Command\"}, \"commands\": [{\"details\": {\"output\": [\"output:\", {\"whitespace\": \"lineBreak\"}, \" \", \"Sandwich Condiments grouping list with 4 items lettuce checkbox not checked\"], \"failingAssertions\": {\"items\": [\"No failing assertions.\"], \"description\": \"Failing Assertions:\"}, \"passingAssertions\": {\"items\": [\"Role ''checkbox'' is conveyed\", \"Name ''Lettuce'' is conveyed\", \"State of the checkbox (not checked) is conveyed\"], \"description\": \"Passing Assertions:\"}, \"unexpectedBehaviors\": {\"items\": [\"No unexpect behaviors.\"], \"description\": \"Unexpected Behavior\"}}, \"support\": \"FULL\", \"description\": \"X / Shift+X\"}, {\"details\": {\"output\": [\"output:\", {\"whitespace\": \"lineBreak\"}, \" \", \"Sandwich Condiments grouping list with 4 items lettuce checkbox not checked\"], \"failingAssertions\": {\"items\": [\"No failing assertions.\"], \"description\": \"Failing Assertions:\"}, \"passingAssertions\": {\"items\": [\"Role ''checkbox'' is conveyed\", \"Name ''Lettuce'' is conveyed\", \"State of the checkbox (not checked) is conveyed\"], \"description\": \"Passing Assertions:\"}, \"unexpectedBehaviors\": {\"items\": [\"No unexpect behaviors.\"], \"description\": \"Unexpected Behavior\"}}, \"support\": \"FULL\", \"description\": \"F / Shift+F\"}, {\"details\": {\"output\": [\"output:\", {\"whitespace\": \"lineBreak\"}, \" \", \"Sandwich Condiments grouping list with 4 items lettuce checkbox not checked\"], \"failingAssertions\": {\"items\": [\"No failing assertions.\"], \"description\": \"Failing Assertions:\"}, \"passingAssertions\": {\"items\": [\"Role ''checkbox'' is conveyed\", \"Name ''Lettuce'' is conveyed\", \"State of the checkbox (not checked) is conveyed\"], \"description\": \"Passing Assertions:\"}, \"unexpectedBehaviors\": {\"items\": [\"No unexpect behaviors.\"], \"description\": \"Unexpected Behavior\"}}, \"support\": \"FULL\", \"description\": \"Tab / Shift+Tab\"}, {\"details\": {\"output\": [\"output:\", {\"whitespace\": \"lineBreak\"}, \" \", \"Sandwich Condiments grouping list with 4 items lettuce checkbox not checked\"], \"failingAssertions\": {\"items\": [\"No failing assertions.\"], \"description\": \"Failing Assertions:\"}, \"passingAssertions\": {\"items\": [\"Role ''checkbox'' is conveyed\", \"Name ''Lettuce'' is conveyed\", \"State of the checkbox (not checked) is conveyed\"], \"description\": \"Passing Assertions:\"}, \"unexpectedBehaviors\": {\"items\": [\"No unexpect behaviors.\"], \"description\": \"Unexpected Behavior\"}}, \"support\": \"FULL\", \"description\": \"Up Arrow / Down Arrow\"}]}, \"header\": \"Navigate to an unchecked checkbox in reading mode\", \"status\": {\"header\": [\"Test result: \", \"PASS\"]}}, \"resultsJSON\": {\"test\": \"Navigate to an unchecked checkbox in reading mode\", \"status\": \"PASS\", \"details\": {\"name\": \"Navigate to an unchecked checkbox in reading mode\", \"task\": \"navigate to unchecked checkbox\", \"summary\": {\"1\": {\"fail\": 0, \"pass\": 12}, \"2\": {\"fail\": 0, \"pass\": 0}, \"unexpectedCount\": 0}, \"commands\": [{\"output\": \"Sandwich Condiments grouping list with 4 items lettuce checkbox not checked\", \"command\": \"X / Shift+X\", \"support\": \"FULL\", \"assertions\": [{\"pass\": \"Good Output\", \"priority\": \"1\", \"assertion\": \"Role ''checkbox'' is conveyed\"}, {\"pass\": \"Good Output\", \"priority\": \"1\", \"assertion\": \"Name ''Lettuce'' is conveyed\"}, {\"pass\": \"Good Output\", \"priority\": \"1\", \"assertion\": \"State of the checkbox (not checked) is conveyed\"}], \"unexpected_behaviors\": []}, {\"output\": \"Sandwich Condiments grouping list with 4 items lettuce checkbox not checked\", \"command\": \"F / Shift+F\", \"support\": \"FULL\", \"assertions\": [{\"pass\": \"Good Output\", \"priority\": \"1\", \"assertion\": \"Role ''checkbox'' is conveyed\"}, {\"pass\": \"Good Output\", \"priority\": \"1\", \"assertion\": \"Name ''Lettuce'' is conveyed\"}, {\"pass\": \"Good Output\", \"priority\": \"1\", \"assertion\": \"State of the checkbox (not checked) is conveyed\"}], \"unexpected_behaviors\": []}, {\"output\": \"Sandwich Condiments grouping list with 4 items lettuce checkbox not checked\", \"command\": \"Tab / Shift+Tab\", \"support\": \"FULL\", \"assertions\": [{\"pass\": \"Good Output\", \"priority\": \"1\", \"assertion\": \"Role ''checkbox'' is conveyed\"}, {\"pass\": \"Good Output\", \"priority\": \"1\", \"assertion\": \"Name ''Lettuce'' is conveyed\"}, {\"pass\": \"Good Output\", \"priority\": \"1\", \"assertion\": \"State of the checkbox (not checked) is conveyed\"}], \"unexpected_behaviors\": []}, {\"output\": \"Sandwich Condiments grouping list with 4 items lettuce checkbox not checked\", \"command\": \"Up Arrow / Down Arrow\", \"support\": \"FULL\", \"assertions\": [{\"pass\": \"Good Output\", \"priority\": \"1\", \"assertion\": \"Role ''checkbox'' is conveyed\"}, {\"pass\": \"Good Output\", \"priority\": \"1\", \"assertion\": \"Name ''Lettuce'' is conveyed\"}, {\"pass\": \"Good Output\", \"priority\": \"1\", \"assertion\": \"State of the checkbox (not checked) is conveyed\"}], \"unexpected_behaviors\": []}], \"specific_user_instruction\": \"Navigate to the first checkbox. Note: it should be in the unchecked state.\"}}}}","{\"test\": {\"scripts\": \"var scripts = {\\n\\n\\t};\", \"htmlFile\": \"build/tests/checkbox/test-02-navigate-to-unchecked-checkbox-interaction.html\", \"testJson\": {\"mode\": \"interaction\", \"task\": \"navigate to unchecked checkbox\", \"applies_to\": [\"jaws\", \"nvda\"], \"setupTestPage\": \"\", \"output_assertions\": [[\"1\", \"Role ''checkbox'' is conveyed\"], [\"1\", \"Name ''Lettuce'' is conveyed\"], [\"1\", \"State of the checkbox (not checked) is conveyed\"]], \"setup_script_description\": \"\", \"specific_user_instruction\": \"Navigate to the first checkbox. Note: it should be in the unchecked state.\"}, \"commandJson\": {\"navigate to unchecked checkbox\": {\"reading\": {\"jaws\": [[\"X_AND_SHIFT_X\"], [\"F_AND_SHIFT_F\"], [\"TAB_AND_SHIFT_TAB\"], [\"UP_AND_DOWN\"], [\"LEFT_AND_RIGHT\", \"(with Smart Navigation on)\"]], \"nvda\": [[\"X_AND_SHIFT_X\"], [\"F_AND_SHIFT_F\"], [\"TAB_AND_SHIFT_TAB\"], [\"UP_AND_DOWN\"]]}, \"interaction\": {\"jaws\": [[\"TAB_AND_SHIFT_TAB\"]], \"nvda\": [[\"TAB_AND_SHIFT_TAB\"]], \"voiceover_macos\": [[\"TAB_AND_SHIFT_TAB\"], [\"CTRL_OPT_RIGHT_AND_CTRL_OPT_LEFT\"], [\"CTRL_OPT_CMD_J_AND_SHIFT_CTRL_OPT_CMD_J\"]]}}}, \"testFullName\": \"Navigate to an unchecked checkbox in interaction mode\", \"executionOrder\": 2}, \"state\": {\"info\": {\"mode\": \"interaction\", \"task\": \"navigate to unchecked checkbox\", \"description\": \"Navigate to an unchecked checkbox in interaction mode\", \"modeInstructions\": \"If NVDA did not make the focus mode sound when the test page loaded, press Insert+Space to turn focus mode on.\", \"userInstructions\": [\"Navigate to the first checkbox. Note: it should be in the unchecked state.\"], \"setupScriptDescription\": \"\"}, \"config\": {\"at\": {\"key\": \"nvda\", \"name\": \"NVDA\"}, \"displaySubmitButton\": true, \"renderResultsAfterSubmit\": true}, \"errors\": [], \"commands\": [{\"atOutput\": {\"value\": \"Sandwich Condiments grouping list with 4 items lettuce checkbox not checked\", \"highlightRequired\": false}, \"assertions\": [{\"result\": \"pass\", \"priority\": 1, \"description\": \"Role ''checkbox'' is conveyed\", \"highlightRequired\": false}, {\"result\": \"pass\", \"priority\": 1, \"description\": \"Name ''Lettuce'' is conveyed\", \"highlightRequired\": false}, {\"result\": \"pass\", \"priority\": 1, \"description\": \"State of the checkbox (not checked) is conveyed\", \"highlightRequired\": false}], \"unexpected\": {\"behaviors\": [{\"more\": null, \"checked\": false, \"description\": \"Output is excessively verbose, e.g., includes redundant and/or irrelevant speech\"}, {\"more\": null, \"checked\": false, \"description\": \"Reading cursor position changed in an unexpected manner\"}, {\"more\": null, \"checked\": false, \"description\": \"Screen reader became extremely sluggish\"}, {\"more\": null, \"checked\": false, \"description\": \"Screen reader crashed\"}, {\"more\": null, \"checked\": false, \"description\": \"Browser crashed\"}, {\"more\": {\"value\": \"\", \"highlightRequired\": false}, \"checked\": false, \"description\": \"Other\"}], \"hasUnexpected\": \"doesNotHaveUnexpected\", \"tabbedBehavior\": -1, \"highlightRequired\": false}, \"description\": \"Tab / Shift+Tab\", \"additionalAssertions\": []}], \"openTest\": {\"enabled\": true}, \"currentUserAction\": \"showResults\"}, \"result\": {\"results\": {\"table\": {\"headers\": {\"details\": \"Details\", \"support\": \"Support\", \"description\": \"Command\"}, \"commands\": [{\"details\": {\"output\": [\"output:\", {\"whitespace\": \"lineBreak\"}, \" \", \"Sandwich Condiments grouping list with 4 items lettuce checkbox not checked\"], \"failingAssertions\": {\"items\": [\"No failing assertions.\"], \"description\": \"Failing Assertions:\"}, \"passingAssertions\": {\"items\": [\"Role ''checkbox'' is conveyed\", \"Name ''Lettuce'' is conveyed\", \"State of the checkbox (not checked) is conveyed\"], \"description\": \"Passing Assertions:\"}, \"unexpectedBehaviors\": {\"items\": [\"No unexpect behaviors.\"], \"description\": \"Unexpected Behavior\"}}, \"support\": \"FULL\", \"description\": \"Tab / Shift+Tab\"}]}, \"header\": \"Navigate to an unchecked checkbox in interaction mode\", \"status\": {\"header\": [\"Test result: \", \"PASS\"]}}, \"resultsJSON\": {\"test\": \"Navigate to an unchecked checkbox in interaction mode\", \"status\": \"PASS\", \"details\": {\"name\": \"Navigate to an unchecked checkbox in interaction mode\", \"task\": \"navigate to unchecked checkbox\", \"summary\": {\"1\": {\"fail\": 0, \"pass\": 3}, \"2\": {\"fail\": 0, \"pass\": 0}, \"unexpectedCount\": 0}, \"commands\": [{\"output\": \"Sandwich Condiments grouping list with 4 items lettuce checkbox not checked\", \"command\": \"Tab / Shift+Tab\", \"support\": \"FULL\", \"assertions\": [{\"pass\": \"Good Output\", \"priority\": \"1\", \"assertion\": \"Role ''checkbox'' is conveyed\"}, {\"pass\": \"Good Output\", \"priority\": \"1\", \"assertion\": \"Name ''Lettuce'' is conveyed\"}, {\"pass\": \"Good Output\", \"priority\": \"1\", \"assertion\": \"State of the checkbox (not checked) is conveyed\"}], \"unexpected_behaviors\": []}], \"specific_user_instruction\": \"Navigate to the first checkbox. Note: it should be in the unchecked state.\"}}}}","{\"test\": {\"scripts\": \"var scripts = {\\n\\t\\tcheckFirstCheckbox: function(testPageDocument){\\n\\t\\t\\t// Set aria-checked on first checkbox\\n\\t\\t\\ttestPageDocument.querySelector(''[role=\\\"checkbox\\\"]'').setAttribute(''aria-checked'', ''true'');\\n\\t\\t}\\n\\t};\", \"htmlFile\": \"build/tests/checkbox/test-04-navigate-to-checked-checkbox-reading.html\", \"testJson\": {\"mode\": \"reading\", \"task\": \"navigate to checked checkbox\", \"applies_to\": [\"jaws\", \"nvda\"], \"setupTestPage\": \"checkFirstCheckbox\", \"output_assertions\": [[\"1\", \"Role ''checkbox'' is conveyed\"], [\"1\", \"Name ''Lettuce'' is conveyed\"], [\"1\", \"State of the checkbox (checked) is conveyed\"]], \"setup_script_description\": \"sets the state of the first checkbox to checked\", \"specific_user_instruction\": \"Navigate to the first checkbox. Note: it should be in the checked state.\"}, \"commandJson\": {\"navigate to checked checkbox\": {\"reading\": {\"jaws\": [[\"X_AND_SHIFT_X\"], [\"F_AND_SHIFT_F\"], [\"TAB_AND_SHIFT_TAB\"], [\"UP_AND_DOWN\"], [\"LEFT_AND_RIGHT\", \"(with Smart Navigation on)\"]], \"nvda\": [[\"X_AND_SHIFT_X\"], [\"F_AND_SHIFT_F\"], [\"TAB_AND_SHIFT_TAB\"], [\"UP_AND_DOWN\"]]}, \"interaction\": {\"jaws\": [[\"TAB_AND_SHIFT_TAB\"]], \"nvda\": [[\"TAB_AND_SHIFT_TAB\"]], \"voiceover_macos\": [[\"TAB_AND_SHIFT_TAB\"], [\"CTRL_OPT_RIGHT_AND_CTRL_OPT_LEFT\"], [\"CTRL_OPT_CMD_J_AND_SHIFT_CTRL_OPT_CMD_J\"]]}}}, \"testFullName\": \"Navigate to a checked checkbox in reading mode\", \"executionOrder\": 4}}","{\"test\": {\"scripts\": \"var scripts = {\\n\\t\\tcheckFirstCheckbox: function(testPageDocument){\\n\\t\\t\\t// Set aria-checked on first checkbox\\n\\t\\t\\ttestPageDocument.querySelector(''[role=\\\"checkbox\\\"]'').setAttribute(''aria-checked'', ''true'');\\n\\t\\t}\\n\\t};\", \"htmlFile\": \"build/tests/checkbox/test-05-navigate-to-checked-checkbox-interaction.html\", \"testJson\": {\"mode\": \"interaction\", \"task\": \"navigate to checked checkbox\", \"applies_to\": [\"jaws\", \"nvda\"], \"setupTestPage\": \"checkFirstCheckbox\", \"output_assertions\": [[\"1\", \"Role ''checkbox'' is conveyed\"], [\"1\", \"Name ''Lettuce'' is conveyed\"], [\"1\", \"State of the checkbox (checked) is conveyed\"]], \"setup_script_description\": \"sets the state of the first checkbox to checked\", \"specific_user_instruction\": \"Navigate to the first checkbox. Note: it should be in the checked state.\"}, \"commandJson\": {\"navigate to checked checkbox\": {\"reading\": {\"jaws\": [[\"X_AND_SHIFT_X\"], [\"F_AND_SHIFT_F\"], [\"TAB_AND_SHIFT_TAB\"], [\"UP_AND_DOWN\"], [\"LEFT_AND_RIGHT\", \"(with Smart Navigation on)\"]], \"nvda\": [[\"X_AND_SHIFT_X\"], [\"F_AND_SHIFT_F\"], [\"TAB_AND_SHIFT_TAB\"], [\"UP_AND_DOWN\"]]}, \"interaction\": {\"jaws\": [[\"TAB_AND_SHIFT_TAB\"]], \"nvda\": [[\"TAB_AND_SHIFT_TAB\"]], \"voiceover_macos\": [[\"TAB_AND_SHIFT_TAB\"], [\"CTRL_OPT_RIGHT_AND_CTRL_OPT_LEFT\"], [\"CTRL_OPT_CMD_J_AND_SHIFT_CTRL_OPT_CMD_J\"]]}}}, \"testFullName\": \"Navigate to a checked checkbox in interaction mode\", \"executionOrder\": 5}}","{\"test\": {\"scripts\": \"var scripts = {\\n\\n\\t};\", \"htmlFile\": \"build/tests/checkbox/test-07-operate-checkbox-reading.html\", \"testJson\": {\"mode\": \"reading\", \"task\": \"operate checkbox\", \"applies_to\": [\"jaws\", \"nvda\"], \"setupTestPage\": \"\", \"output_assertions\": [[\"1\", \"Change in state is conveyed\"]], \"setup_script_description\": \"\", \"specific_user_instruction\": \"Check and uncheck the first checkbox.\"}, \"commandJson\": {\"operate checkbox\": {\"reading\": {\"jaws\": [[\"ENTER\"], [\"SPACE\"]], \"nvda\": [[\"ENTER\"], [\"SPACE\"]]}, \"interaction\": {\"jaws\": [[\"SPACE\"]], \"nvda\": [[\"SPACE\"]], \"voiceover_macos\": [[\"CTRL_OPT_SPACE\"], [\"SPACE\"]]}}}, \"testFullName\": \"Operate a checkbox in reading mode\", \"executionOrder\": 7}}","{\"test\": {\"scripts\": \"var scripts = {\\n\\n\\t};\", \"htmlFile\": \"build/tests/checkbox/test-08-operate-checkbox-interaction.html\", \"testJson\": {\"mode\": \"interaction\", \"task\": \"operate checkbox\", \"applies_to\": [\"jaws\", \"nvda\"], \"setupTestPage\": \"\", \"output_assertions\": [[\"1\", \"Change in state is conveyed\"]], \"setup_script_description\": \"\", \"specific_user_instruction\": \"Check and uncheck the first checkbox.\"}, \"commandJson\": {\"operate checkbox\": {\"reading\": {\"jaws\": [[\"ENTER\"], [\"SPACE\"]], \"nvda\": [[\"ENTER\"], [\"SPACE\"]]}, \"interaction\": {\"jaws\": [[\"SPACE\"]], \"nvda\": [[\"SPACE\"]], \"voiceover_macos\": [[\"CTRL_OPT_SPACE\"], [\"SPACE\"]]}}}, \"testFullName\": \"Operate a checkbox in interaction mode\", \"executionOrder\": 8}}","{\"test\": {\"scripts\": \"var scripts = {\\n\\t\\tmoveFocusToFirstCheckbox: function(testPageDocument){\\n\\t\\t\\t// Move focus to first checkbox\\n\\t\\t\\ttestPageDocument.querySelector(''[role=\\\"checkbox\\\"]'').focus();\\n\\t\\t}\\n\\t};\", \"htmlFile\": \"build/tests/checkbox/test-10-read-unchecked-checkbox-reading.html\", \"testJson\": {\"mode\": \"reading\", \"task\": \"read unchecked checkbox\", \"applies_to\": [\"jaws\", \"nvda\"], \"setupTestPage\": \"moveFocusToFirstCheckbox\", \"output_assertions\": [[\"1\", \"Role ''checkbox'' is conveyed\"], [\"1\", \"Name ''Lettuce'' is conveyed\"], [\"1\", \"State of the checkbox (not checked) is conveyed\"]], \"setup_script_description\": \"sets focus on the first checkbox\", \"specific_user_instruction\": \"When the reading cursor is on the first checkbox, read the first checkbox\"}, \"commandJson\": {\"read unchecked checkbox\": {\"reading\": {\"jaws\": [[\"INS_TAB\"], [\"INS_UP\"]], \"nvda\": [[\"INS_TAB\"], [\"INS_UP\"]]}, \"interaction\": {\"jaws\": [[\"INS_TAB\"], [\"INS_UP\"]], \"nvda\": [[\"INS_TAB\"], [\"INS_UP\"]], \"voiceover_macos\": [[\"CTRL_OPT_F3\"], [\"CTRL_OPT_F4\"]]}}}, \"testFullName\": \"Read an unchecked checkbox in reading mode\", \"executionOrder\": 10}}","{\"test\": {\"scripts\": \"var scripts = {\\n\\t\\tmoveFocusToFirstCheckbox: function(testPageDocument){\\n\\t\\t\\t// Move focus to first checkbox\\n\\t\\t\\ttestPageDocument.querySelector(''[role=\\\"checkbox\\\"]'').focus();\\n\\t\\t}\\n\\t};\", \"htmlFile\": \"build/tests/checkbox/test-11-read-unchecked-checkbox-interaction.html\", \"testJson\": {\"mode\": \"interaction\", \"task\": \"read unchecked checkbox\", \"applies_to\": [\"jaws\", \"nvda\"], \"setupTestPage\": \"moveFocusToFirstCheckbox\", \"output_assertions\": [[\"1\", \"Role ''checkbox'' is conveyed\"], [\"1\", \"Name ''Lettuce'' is conveyed\"], [\"1\", \"State of the checkbox (not checked) is conveyed\"]], \"setup_script_description\": \"sets focus on the first checkbox\", \"specific_user_instruction\": \"When the focus is on the first checkbox, read the first checkbox\"}, \"commandJson\": {\"read unchecked checkbox\": {\"reading\": {\"jaws\": [[\"INS_TAB\"], [\"INS_UP\"]], \"nvda\": [[\"INS_TAB\"], [\"INS_UP\"]]}, \"interaction\": {\"jaws\": [[\"INS_TAB\"], [\"INS_UP\"]], \"nvda\": [[\"INS_TAB\"], [\"INS_UP\"]], \"voiceover_macos\": [[\"CTRL_OPT_F3\"], [\"CTRL_OPT_F4\"]]}}}, \"testFullName\": \"Read an unchecked checkbox in interaction mode\", \"executionOrder\": 11}}","{\"test\": {\"scripts\": \"var scripts = {\\n\\t\\tmoveFocusAndCheckFirstCheckbox: function(testPageDocument){\\n\\t\\t\\t// Move focus and set aria-checked on first checkbox\\n\\t\\t\\tconst checkbox = testPageDocument.querySelector(''[role=\\\"checkbox\\\"]'');\\n\\t\\t\\tcheckbox.focus();\\n\\t\\t\\tcheckbox.setAttribute(''aria-checked'', ''true'');\\n\\t\\t}\\n\\t};\", \"htmlFile\": \"build/tests/checkbox/test-13-read-checked-checkbox-reading.html\", \"testJson\": {\"mode\": \"reading\", \"task\": \"read checked checkbox\", \"applies_to\": [\"jaws\", \"nvda\"], \"setupTestPage\": \"moveFocusAndCheckFirstCheckbox\", \"output_assertions\": [[\"1\", \"Role ''checkbox'' is conveyed\"], [\"1\", \"Name ''Lettuce'' is conveyed\"], [\"1\", \"State of the checkbox ( checked) is conveyed\"]], \"setup_script_description\": \"sets focus on the first checkbox and sets its state to checked\", \"specific_user_instruction\": \"When the reading cursor is on the first checkbox, read the first checkbox.  Note: it should be in the checked state.\"}, \"commandJson\": {\"read checked checkbox\": {\"reading\": {\"jaws\": [[\"INS_TAB\"], [\"INS_UP\"]], \"nvda\": [[\"INS_TAB\"], [\"INS_UP\"]]}, \"interaction\": {\"jaws\": [[\"INS_TAB\"], [\"INS_UP\"]], \"nvda\": [[\"INS_TAB\"], [\"INS_UP\"]], \"voiceover_macos\": [[\"CTRL_OPT_F3\"], [\"CTRL_OPT_F4\"]]}}}, \"testFullName\": \"Read a checked checkbox in reading mode\", \"executionOrder\": 13}}","{\"test\": {\"scripts\": \"var scripts = {\\n\\t\\tmoveFocusAndCheckFirstCheckbox: function(testPageDocument){\\n\\t\\t\\t// Move focus and set aria-checked on first checkbox\\n\\t\\t\\tconst checkbox = testPageDocument.querySelector(''[role=\\\"checkbox\\\"]'');\\n\\t\\t\\tcheckbox.focus();\\n\\t\\t\\tcheckbox.setAttribute(''aria-checked'', ''true'');\\n\\t\\t}\\n\\t};\", \"htmlFile\": \"build/tests/checkbox/test-14-read-checked-checkbox-interaction.html\", \"testJson\": {\"mode\": \"interaction\", \"task\": \"read checked checkbox\", \"applies_to\": [\"jaws\", \"nvda\"], \"setupTestPage\": \"moveFocusAndCheckFirstCheckbox\", \"output_assertions\": [[\"1\", \"Role ''checkbox'' is conveyed\"], [\"1\", \"Name ''Lettuce'' is conveyed\"], [\"1\", \"State of the checkbox (checked) is conveyed\"]], \"setup_script_description\": \"sets focus on the first checkbox and sets its state to checked\", \"specific_user_instruction\": \"When the focus is on the first checkbox, read the first checkbox.  Note: it should be in the checked state.\"}, \"commandJson\": {\"read checked checkbox\": {\"reading\": {\"jaws\": [[\"INS_TAB\"], [\"INS_UP\"]], \"nvda\": [[\"INS_TAB\"], [\"INS_UP\"]]}, \"interaction\": {\"jaws\": [[\"INS_TAB\"], [\"INS_UP\"]], \"nvda\": [[\"INS_TAB\"], [\"INS_UP\"]], \"voiceover_macos\": [[\"CTRL_OPT_F3\"], [\"CTRL_OPT_F4\"]]}}}, \"testFullName\": \"Read a checked checkbox in interaction mode\", \"executionOrder\": 14}}","{\"test\": {\"scripts\": \"var scripts = {\\n\\n\\t};\", \"htmlFile\": \"build/tests/checkbox/test-16-read-checkbox-group-reading.html\", \"testJson\": {\"mode\": \"reading\", \"task\": \"read checkbox group\", \"applies_to\": [\"jaws\", \"nvda\"], \"setupTestPage\": \"\", \"output_assertions\": [[\"2\", \"Role ''group'' is conveyed\"], [\"1\", \"Group name ''Sandwich Condiments'' is conveyed\"]], \"setup_script_description\": \"\", \"specific_user_instruction\": \"When reading cursor is on a checkbox, read its grouping information\"}, \"commandJson\": {\"read checkbox group\": {\"reading\": {\"jaws\": [[\"INS_TAB\"]], \"nvda\": [[\"INS_TAB\"]]}, \"interaction\": {\"jaws\": [[\"INS_TAB\"]], \"nvda\": [[\"INS_TAB\"]], \"voiceover_macos\": [[\"CTRL_OPT_F3\"], [\"CTRL_OPT_F4\"]]}}}, \"testFullName\": \"Read grouping information of a grouped checkbox in reading mode\", \"executionOrder\": 16}}","{\"test\": {\"scripts\": \"var scripts = {\\n\\n\\t};\", \"htmlFile\": \"build/tests/checkbox/test-17-read-checkbox-group-interaction.html\", \"testJson\": {\"mode\": \"interaction\", \"task\": \"read checkbox group\", \"applies_to\": [\"jaws\", \"nvda\"], \"setupTestPage\": \"\", \"output_assertions\": [[\"2\", \"Role ''group'' is conveyed\"], [\"1\", \"Group name ''Sandwich Condiments'' is conveyed\"]], \"setup_script_description\": \"\", \"specific_user_instruction\": \"When focus is on a checkbox, read its grouping information\"}, \"commandJson\": {\"read checkbox group\": {\"reading\": {\"jaws\": [[\"INS_TAB\"]], \"nvda\": [[\"INS_TAB\"]]}, \"interaction\": {\"jaws\": [[\"INS_TAB\"]], \"nvda\": [[\"INS_TAB\"]], \"voiceover_macos\": [[\"CTRL_OPT_F3\"], [\"CTRL_OPT_F4\"]]}}}, \"testFullName\": \"Read grouping information of a grouped checkbox in interaction mode\", \"executionOrder\": 17}}","{\"test\": {\"scripts\": \"var scripts = {\\n\\n\\t};\", \"htmlFile\": \"build/tests/checkbox/test-19-navigate-sequentially-through-checkbox-group-reading.html\", \"testJson\": {\"mode\": \"reading\", \"task\": \"navigate sequentially through checkbox group\", \"applies_to\": [\"jaws\", \"nvda\"], \"setupTestPage\": \"\", \"output_assertions\": [[\"1\", \"Role ''group'' is conveyed\"], [\"1\", \"Group name ''Sandwich Condiments'' is conveyed\"], [\"1\", \"Group boundaries at start and end of group are conveyed\"]], \"setup_script_description\": \"\", \"specific_user_instruction\": \"Navigate both forward and backward into and out of  the checkbox group.\"}, \"commandJson\": {\"navigate sequentially through checkbox group\": {\"reading\": {\"jaws\": [[\"UP\"], [\"DOWN\"]], \"nvda\": [[\"UP\"], [\"DOWN\"]]}, \"interaction\": {\"voiceover_macos\": [[\"CTRL_OPT_RIGHT\"], [\"CTRL_OPT_LEFT\"]]}}}, \"testFullName\": \"Navigate sequentially through a checkbox group in reading mode\", \"executionOrder\": 19}}","{\"test\": {\"scripts\": \"var scripts = {\\n\\n\\t};\", \"htmlFile\": \"build/tests/checkbox/test-21-navigate-into-checkbox-group-reading.html\", \"testJson\": {\"mode\": \"reading\", \"task\": \"navigate into checkbox group\", \"applies_to\": [\"jaws\", \"nvda\"], \"setupTestPage\": \"\", \"output_assertions\": [[\"2\", \"Role ''group'' is conveyed\"], [\"1\", \"Group name ''Sandwich Condiments'' is conveyed\"], [\"2\", \"The group boundary is conveyed\"]], \"setup_script_description\": \"\", \"specific_user_instruction\": \"Navigate from outside the checkbox group to a checkbox inside the group. Test both navigating forward into the start and backward into the end.\"}, \"commandJson\": {\"navigate into checkbox group\": {\"reading\": {\"jaws\": [[\"X\"], [\"SHIFT_X\"], [\"F\"], [\"SHIFT_F\"], [\"TAB\"], [\"SHIFT_TAB\"]], \"nvda\": [[\"X\"], [\"SHIFT_X\"], [\"F\"], [\"SHIFT_F\"], [\"TAB\"], [\"SHIFT_TAB\"]]}, \"interaction\": {\"jaws\": [[\"TAB\"], [\"SHIFT_TAB\"]], \"nvda\": [[\"TAB\"], [\"SHIFT_TAB\"]], \"voiceover_macos\": [[\"TAB\"], [\"SHIFT_TAB\"], [\"CTRL_OPT_RIGHT\"], [\"CTRL_OPT_LEFT\"], [\"CTRL_OPT_CMD_J\"], [\"SHIFT_CTRL_OPT_CMD_J\"]]}}}, \"testFullName\": \"Navigate into a checkbox group in reading mode\", \"executionOrder\": 21}}","{\"test\": {\"scripts\": \"var scripts = {\\n\\n\\t};\", \"htmlFile\": \"build/tests/checkbox/test-22-navigate-into-checkbox-group-interaction.html\", \"testJson\": {\"mode\": \"interaction\", \"task\": \"navigate into checkbox group\", \"applies_to\": [\"jaws\", \"nvda\"], \"setupTestPage\": \"\", \"output_assertions\": [[\"2\", \"Role ''group'' is conveyed\"], [\"1\", \"Group name ''Sandwich Condiments'' is conveyed\"], [\"2\", \"The group boundary is conveyed\"]], \"setup_script_description\": \"\", \"specific_user_instruction\": \"Navigate from outside the checkbox group to a checkbox inside the group. Test both navigating forward into the start and backward into the end.\"}, \"commandJson\": {\"navigate into checkbox group\": {\"reading\": {\"jaws\": [[\"X\"], [\"SHIFT_X\"], [\"F\"], [\"SHIFT_F\"], [\"TAB\"], [\"SHIFT_TAB\"]], \"nvda\": [[\"X\"], [\"SHIFT_X\"], [\"F\"], [\"SHIFT_F\"], [\"TAB\"], [\"SHIFT_TAB\"]]}, \"interaction\": {\"jaws\": [[\"TAB\"], [\"SHIFT_TAB\"]], \"nvda\": [[\"TAB\"], [\"SHIFT_TAB\"]], \"voiceover_macos\": [[\"TAB\"], [\"SHIFT_TAB\"], [\"CTRL_OPT_RIGHT\"], [\"CTRL_OPT_LEFT\"], [\"CTRL_OPT_CMD_J\"], [\"SHIFT_CTRL_OPT_CMD_J\"]]}}}, \"testFullName\": \"Navigate into a checkbox group in interaction mode\", \"executionOrder\": 22}}","{\"test\": {\"scripts\": \"var scripts = {\\n\\n\\t};\", \"htmlFile\": \"build/tests/checkbox/test-24-navigate-out-of-checkbox-group-reading.html\", \"testJson\": {\"mode\": \"reading\", \"task\": \"navigate out of checkbox group\", \"applies_to\": [\"jaws\", \"nvda\"], \"setupTestPage\": \"\", \"output_assertions\": [[\"2\", \"Role ''group'' is conveyed\"], [\"2\", \"Group name ''Sandwich Condiments'' is conveyed\"], [\"2\", \"The group boundary is conveyed\"]], \"setup_script_description\": \"\", \"specific_user_instruction\": \"Navigate from a checkbox inside the checkbox group to an element outside the checkbox group. Test both navigating forward out of the end and backward out of the start.\"}, \"commandJson\": {\"navigate out of checkbox group\": {\"reading\": {\"jaws\": [[\"TAB\"], [\"SHIFT_TAB\"]], \"nvda\": [[\"TAB\"], [\"SHIFT_TAB\"]]}, \"interaction\": {\"jaws\": [[\"TAB\"], [\"SHIFT_TAB\"]], \"nvda\": [[\"TAB\"], [\"SHIFT_TAB\"]], \"voiceover_macos\": [[\"TAB\"], [\"SHIFT_TAB\"], [\"CTRL_OPT_RIGHT\"], [\"CTRL_OPT_LEFT\"]]}}}, \"testFullName\": \"Navigate out of a checkbox group  in reading mode\", \"executionOrder\": 24}}","{\"test\": {\"scripts\": \"var scripts = {\\n\\n\\t};\", \"htmlFile\": \"build/tests/checkbox/test-25-navigate-out-of-checkbox-group-interaction.html\", \"testJson\": {\"mode\": \"interaction\", \"task\": \"navigate out of checkbox group\", \"applies_to\": [\"jaws\", \"nvda\"], \"setupTestPage\": \"\", \"output_assertions\": [[\"2\", \"Role ''group'' is conveyed\"], [\"2\", \"Group name ''Sandwich Condiments'' is conveyed\"], [\"2\", \"The group boundary is conveyed\"]], \"setup_script_description\": \"\", \"specific_user_instruction\": \"Navigate from a checkbox inside the checkbox group to an element outside the checkbox group. Test both navigating forward out of the end and backward out of the start.\"}, \"commandJson\": {\"navigate out of checkbox group\": {\"reading\": {\"jaws\": [[\"TAB\"], [\"SHIFT_TAB\"]], \"nvda\": [[\"TAB\"], [\"SHIFT_TAB\"]]}, \"interaction\": {\"jaws\": [[\"TAB\"], [\"SHIFT_TAB\"]], \"nvda\": [[\"TAB\"], [\"SHIFT_TAB\"]], \"voiceover_macos\": [[\"TAB\"], [\"SHIFT_TAB\"], [\"CTRL_OPT_RIGHT\"], [\"CTRL_OPT_LEFT\"]]}}}, \"testFullName\": \"Navigate out of a checkbox group in interaction mode\", \"executionOrder\": 25}}"}
');
INSERT INTO public."TestPlanRun" (id, "testerUserId", "testPlanReportId", "testResults") VALUES (2, 1, 2, '
	{"{\"test\": {\"scripts\": \"var scripts = {\\n\\n\\t};\", \"htmlFile\": \"build/tests/checkbox/test-01-navigate-to-unchecked-checkbox-reading.html\", \"testJson\": {\"mode\": \"reading\", \"task\": \"navigate to unchecked checkbox\", \"applies_to\": [\"jaws\", \"nvda\"], \"setupTestPage\": \"\", \"output_assertions\": [[\"1\", \"Role ''checkbox'' is conveyed\"], [\"1\", \"Name ''Lettuce'' is conveyed\"], [\"1\", \"State of the checkbox (not checked) is conveyed\"]], \"setup_script_description\": \"\", \"specific_user_instruction\": \"Navigate to the first checkbox. Note: it should be in the unchecked state.\"}, \"commandJson\": {\"navigate to unchecked checkbox\": {\"reading\": {\"jaws\": [[\"X_AND_SHIFT_X\"], [\"F_AND_SHIFT_F\"], [\"TAB_AND_SHIFT_TAB\"], [\"UP_AND_DOWN\"], [\"LEFT_AND_RIGHT\", \"(with Smart Navigation on)\"]], \"nvda\": [[\"X_AND_SHIFT_X\"], [\"F_AND_SHIFT_F\"], [\"TAB_AND_SHIFT_TAB\"], [\"UP_AND_DOWN\"]]}, \"interaction\": {\"jaws\": [[\"TAB_AND_SHIFT_TAB\"]], \"nvda\": [[\"TAB_AND_SHIFT_TAB\"]], \"voiceover_macos\": [[\"TAB_AND_SHIFT_TAB\"], [\"CTRL_OPT_RIGHT_AND_CTRL_OPT_LEFT\"], [\"CTRL_OPT_CMD_J_AND_SHIFT_CTRL_OPT_CMD_J\"]]}}}, \"testFullName\": \"Navigate to an unchecked checkbox in reading mode\", \"executionOrder\": 1}, \"state\": {\"info\": {\"mode\": \"reading\", \"task\": \"navigate to unchecked checkbox\", \"description\": \"Navigate to an unchecked checkbox in reading mode\", \"modeInstructions\": \"Insure NVDA is in browse mode by pressing Escape. Note: This command has no effect if NVDA is already in browse mode.\", \"userInstructions\": [\"Navigate to the first checkbox. Note: it should be in the unchecked state.\"], \"setupScriptDescription\": \"\"}, \"config\": {\"at\": {\"key\": \"nvda\", \"name\": \"NVDA\"}, \"displaySubmitButton\": true, \"renderResultsAfterSubmit\": true}, \"errors\": [], \"commands\": [{\"atOutput\": {\"value\": \"Sandwich Condiments grouping list with 4 items lettuce checkbox not checked\", \"highlightRequired\": false}, \"assertions\": [{\"result\": \"pass\", \"priority\": 1, \"description\": \"Role ''checkbox'' is conveyed\", \"highlightRequired\": false}, {\"result\": \"pass\", \"priority\": 1, \"description\": \"Name ''Lettuce'' is conveyed\", \"highlightRequired\": false}, {\"result\": \"pass\", \"priority\": 1, \"description\": \"State of the checkbox (not checked) is conveyed\", \"highlightRequired\": false}], \"unexpected\": {\"behaviors\": [{\"more\": null, \"checked\": false, \"description\": \"Output is excessively verbose, e.g., includes redundant and/or irrelevant speech\"}, {\"more\": null, \"checked\": false, \"description\": \"Reading cursor position changed in an unexpected manner\"}, {\"more\": null, \"checked\": false, \"description\": \"Screen reader became extremely sluggish\"}, {\"more\": null, \"checked\": false, \"description\": \"Screen reader crashed\"}, {\"more\": null, \"checked\": false, \"description\": \"Browser crashed\"}, {\"more\": {\"value\": \"\", \"highlightRequired\": false}, \"checked\": false, \"description\": \"Other\"}], \"hasUnexpected\": \"doesNotHaveUnexpected\", \"tabbedBehavior\": -1, \"highlightRequired\": false}, \"description\": \"X / Shift+X\", \"additionalAssertions\": []}, {\"atOutput\": {\"value\": \"Sandwich Condiments grouping list with 4 items lettuce checkbox not checked\", \"highlightRequired\": false}, \"assertions\": [{\"result\": \"pass\", \"priority\": 1, \"description\": \"Role ''checkbox'' is conveyed\", \"highlightRequired\": false}, {\"result\": \"pass\", \"priority\": 1, \"description\": \"Name ''Lettuce'' is conveyed\", \"highlightRequired\": false}, {\"result\": \"pass\", \"priority\": 1, \"description\": \"State of the checkbox (not checked) is conveyed\", \"highlightRequired\": false}], \"unexpected\": {\"behaviors\": [{\"more\": null, \"checked\": false, \"description\": \"Output is excessively verbose, e.g., includes redundant and/or irrelevant speech\"}, {\"more\": null, \"checked\": false, \"description\": \"Reading cursor position changed in an unexpected manner\"}, {\"more\": null, \"checked\": false, \"description\": \"Screen reader became extremely sluggish\"}, {\"more\": null, \"checked\": false, \"description\": \"Screen reader crashed\"}, {\"more\": null, \"checked\": false, \"description\": \"Browser crashed\"}, {\"more\": {\"value\": \"\", \"highlightRequired\": false}, \"checked\": false, \"description\": \"Other\"}], \"hasUnexpected\": \"doesNotHaveUnexpected\", \"tabbedBehavior\": -1, \"highlightRequired\": false}, \"description\": \"F / Shift+F\", \"additionalAssertions\": []}, {\"atOutput\": {\"value\": \"Sandwich Condiments grouping list with 4 items lettuce checkbox not checked\", \"highlightRequired\": false}, \"assertions\": [{\"result\": \"pass\", \"priority\": 1, \"description\": \"Role ''checkbox'' is conveyed\", \"highlightRequired\": false}, {\"result\": \"pass\", \"priority\": 1, \"description\": \"Name ''Lettuce'' is conveyed\", \"highlightRequired\": false}, {\"result\": \"pass\", \"priority\": 1, \"description\": \"State of the checkbox (not checked) is conveyed\", \"highlightRequired\": false}], \"unexpected\": {\"behaviors\": [{\"more\": null, \"checked\": false, \"description\": \"Output is excessively verbose, e.g., includes redundant and/or irrelevant speech\"}, {\"more\": null, \"checked\": false, \"description\": \"Reading cursor position changed in an unexpected manner\"}, {\"more\": null, \"checked\": false, \"description\": \"Screen reader became extremely sluggish\"}, {\"more\": null, \"checked\": false, \"description\": \"Screen reader crashed\"}, {\"more\": null, \"checked\": false, \"description\": \"Browser crashed\"}, {\"more\": {\"value\": \"\", \"highlightRequired\": false}, \"checked\": false, \"description\": \"Other\"}], \"hasUnexpected\": \"doesNotHaveUnexpected\", \"tabbedBehavior\": -1, \"highlightRequired\": false}, \"description\": \"Tab / Shift+Tab\", \"additionalAssertions\": []}, {\"atOutput\": {\"value\": \"Sandwich Condiments grouping list with 4 items lettuce checkbox not checked\", \"highlightRequired\": false}, \"assertions\": [{\"result\": \"pass\", \"priority\": 1, \"description\": \"Role ''checkbox'' is conveyed\", \"highlightRequired\": false}, {\"result\": \"pass\", \"priority\": 1, \"description\": \"Name ''Lettuce'' is conveyed\", \"highlightRequired\": false}, {\"result\": \"pass\", \"priority\": 1, \"description\": \"State of the checkbox (not checked) is conveyed\", \"highlightRequired\": false}], \"unexpected\": {\"behaviors\": [{\"more\": null, \"checked\": false, \"description\": \"Output is excessively verbose, e.g., includes redundant and/or irrelevant speech\"}, {\"more\": null, \"checked\": false, \"description\": \"Reading cursor position changed in an unexpected manner\"}, {\"more\": null, \"checked\": false, \"description\": \"Screen reader became extremely sluggish\"}, {\"more\": null, \"checked\": false, \"description\": \"Screen reader crashed\"}, {\"more\": null, \"checked\": false, \"description\": \"Browser crashed\"}, {\"more\": {\"value\": \"\", \"highlightRequired\": false}, \"checked\": false, \"description\": \"Other\"}], \"hasUnexpected\": \"doesNotHaveUnexpected\", \"tabbedBehavior\": -1, \"highlightRequired\": false}, \"description\": \"Up Arrow / Down Arrow\", \"additionalAssertions\": []}], \"openTest\": {\"enabled\": true}, \"currentUserAction\": \"showResults\"}, \"result\": {\"results\": {\"table\": {\"headers\": {\"details\": \"Details\", \"support\": \"Support\", \"description\": \"Command\"}, \"commands\": [{\"details\": {\"output\": [\"output:\", {\"whitespace\": \"lineBreak\"}, \" \", \"Sandwich Condiments grouping list with 4 items lettuce checkbox not checked\"], \"failingAssertions\": {\"items\": [\"No failing assertions.\"], \"description\": \"Failing Assertions:\"}, \"passingAssertions\": {\"items\": [\"Role ''checkbox'' is conveyed\", \"Name ''Lettuce'' is conveyed\", \"State of the checkbox (not checked) is conveyed\"], \"description\": \"Passing Assertions:\"}, \"unexpectedBehaviors\": {\"items\": [\"No unexpect behaviors.\"], \"description\": \"Unexpected Behavior\"}}, \"support\": \"FULL\", \"description\": \"X / Shift+X\"}, {\"details\": {\"output\": [\"output:\", {\"whitespace\": \"lineBreak\"}, \" \", \"Sandwich Condiments grouping list with 4 items lettuce checkbox not checked\"], \"failingAssertions\": {\"items\": [\"No failing assertions.\"], \"description\": \"Failing Assertions:\"}, \"passingAssertions\": {\"items\": [\"Role ''checkbox'' is conveyed\", \"Name ''Lettuce'' is conveyed\", \"State of the checkbox (not checked) is conveyed\"], \"description\": \"Passing Assertions:\"}, \"unexpectedBehaviors\": {\"items\": [\"No unexpect behaviors.\"], \"description\": \"Unexpected Behavior\"}}, \"support\": \"FULL\", \"description\": \"F / Shift+F\"}, {\"details\": {\"output\": [\"output:\", {\"whitespace\": \"lineBreak\"}, \" \", \"Sandwich Condiments grouping list with 4 items lettuce checkbox not checked\"], \"failingAssertions\": {\"items\": [\"No failing assertions.\"], \"description\": \"Failing Assertions:\"}, \"passingAssertions\": {\"items\": [\"Role ''checkbox'' is conveyed\", \"Name ''Lettuce'' is conveyed\", \"State of the checkbox (not checked) is conveyed\"], \"description\": \"Passing Assertions:\"}, \"unexpectedBehaviors\": {\"items\": [\"No unexpect behaviors.\"], \"description\": \"Unexpected Behavior\"}}, \"support\": \"FULL\", \"description\": \"Tab / Shift+Tab\"}, {\"details\": {\"output\": [\"output:\", {\"whitespace\": \"lineBreak\"}, \" \", \"Sandwich Condiments grouping list with 4 items lettuce checkbox not checked\"], \"failingAssertions\": {\"items\": [\"No failing assertions.\"], \"description\": \"Failing Assertions:\"}, \"passingAssertions\": {\"items\": [\"Role ''checkbox'' is conveyed\", \"Name ''Lettuce'' is conveyed\", \"State of the checkbox (not checked) is conveyed\"], \"description\": \"Passing Assertions:\"}, \"unexpectedBehaviors\": {\"items\": [\"No unexpect behaviors.\"], \"description\": \"Unexpected Behavior\"}}, \"support\": \"FULL\", \"description\": \"Up Arrow / Down Arrow\"}]}, \"header\": \"Navigate to an unchecked checkbox in reading mode\", \"status\": {\"header\": [\"Test result: \", \"PASS\"]}}, \"resultsJSON\": {\"test\": \"Navigate to an unchecked checkbox in reading mode\", \"status\": \"PASS\", \"details\": {\"name\": \"Navigate to an unchecked checkbox in reading mode\", \"task\": \"navigate to unchecked checkbox\", \"summary\": {\"1\": {\"fail\": 0, \"pass\": 12}, \"2\": {\"fail\": 0, \"pass\": 0}, \"unexpectedCount\": 0}, \"commands\": [{\"output\": \"Sandwich Condiments grouping list with 4 items lettuce checkbox not checked\", \"command\": \"X / Shift+X\", \"support\": \"FULL\", \"assertions\": [{\"pass\": \"Good Output\", \"priority\": \"1\", \"assertion\": \"Role ''checkbox'' is conveyed\"}, {\"pass\": \"Good Output\", \"priority\": \"1\", \"assertion\": \"Name ''Lettuce'' is conveyed\"}, {\"pass\": \"Good Output\", \"priority\": \"1\", \"assertion\": \"State of the checkbox (not checked) is conveyed\"}], \"unexpected_behaviors\": []}, {\"output\": \"Sandwich Condiments grouping list with 4 items lettuce checkbox not checked\", \"command\": \"F / Shift+F\", \"support\": \"FULL\", \"assertions\": [{\"pass\": \"Good Output\", \"priority\": \"1\", \"assertion\": \"Role ''checkbox'' is conveyed\"}, {\"pass\": \"Good Output\", \"priority\": \"1\", \"assertion\": \"Name ''Lettuce'' is conveyed\"}, {\"pass\": \"Good Output\", \"priority\": \"1\", \"assertion\": \"State of the checkbox (not checked) is conveyed\"}], \"unexpected_behaviors\": []}, {\"output\": \"Sandwich Condiments grouping list with 4 items lettuce checkbox not checked\", \"command\": \"Tab / Shift+Tab\", \"support\": \"FULL\", \"assertions\": [{\"pass\": \"Good Output\", \"priority\": \"1\", \"assertion\": \"Role ''checkbox'' is conveyed\"}, {\"pass\": \"Good Output\", \"priority\": \"1\", \"assertion\": \"Name ''Lettuce'' is conveyed\"}, {\"pass\": \"Good Output\", \"priority\": \"1\", \"assertion\": \"State of the checkbox (not checked) is conveyed\"}], \"unexpected_behaviors\": []}, {\"output\": \"Sandwich Condiments grouping list with 4 items lettuce checkbox not checked\", \"command\": \"Up Arrow / Down Arrow\", \"support\": \"FULL\", \"assertions\": [{\"pass\": \"Good Output\", \"priority\": \"1\", \"assertion\": \"Role ''checkbox'' is conveyed\"}, {\"pass\": \"Good Output\", \"priority\": \"1\", \"assertion\": \"Name ''Lettuce'' is conveyed\"}, {\"pass\": \"Good Output\", \"priority\": \"1\", \"assertion\": \"State of the checkbox (not checked) is conveyed\"}], \"unexpected_behaviors\": []}], \"specific_user_instruction\": \"Navigate to the first checkbox. Note: it should be in the unchecked state.\"}}}}","{\"test\": {\"scripts\": \"var scripts = {\\n\\n\\t};\", \"htmlFile\": \"build/tests/checkbox/test-02-navigate-to-unchecked-checkbox-interaction.html\", \"testJson\": {\"mode\": \"interaction\", \"task\": \"navigate to unchecked checkbox\", \"applies_to\": [\"jaws\", \"nvda\"], \"setupTestPage\": \"\", \"output_assertions\": [[\"1\", \"Role ''checkbox'' is conveyed\"], [\"1\", \"Name ''Lettuce'' is conveyed\"], [\"1\", \"State of the checkbox (not checked) is conveyed\"]], \"setup_script_description\": \"\", \"specific_user_instruction\": \"Navigate to the first checkbox. Note: it should be in the unchecked state.\"}, \"commandJson\": {\"navigate to unchecked checkbox\": {\"reading\": {\"jaws\": [[\"X_AND_SHIFT_X\"], [\"F_AND_SHIFT_F\"], [\"TAB_AND_SHIFT_TAB\"], [\"UP_AND_DOWN\"], [\"LEFT_AND_RIGHT\", \"(with Smart Navigation on)\"]], \"nvda\": [[\"X_AND_SHIFT_X\"], [\"F_AND_SHIFT_F\"], [\"TAB_AND_SHIFT_TAB\"], [\"UP_AND_DOWN\"]]}, \"interaction\": {\"jaws\": [[\"TAB_AND_SHIFT_TAB\"]], \"nvda\": [[\"TAB_AND_SHIFT_TAB\"]], \"voiceover_macos\": [[\"TAB_AND_SHIFT_TAB\"], [\"CTRL_OPT_RIGHT_AND_CTRL_OPT_LEFT\"], [\"CTRL_OPT_CMD_J_AND_SHIFT_CTRL_OPT_CMD_J\"]]}}}, \"testFullName\": \"Navigate to an unchecked checkbox in interaction mode\", \"executionOrder\": 2}, \"state\": {\"info\": {\"mode\": \"interaction\", \"task\": \"navigate to unchecked checkbox\", \"description\": \"Navigate to an unchecked checkbox in interaction mode\", \"modeInstructions\": \"If NVDA did not make the focus mode sound when the test page loaded, press Insert+Space to turn focus mode on.\", \"userInstructions\": [\"Navigate to the first checkbox. Note: it should be in the unchecked state.\"], \"setupScriptDescription\": \"\"}, \"config\": {\"at\": {\"key\": \"nvda\", \"name\": \"NVDA\"}, \"displaySubmitButton\": true, \"renderResultsAfterSubmit\": true}, \"errors\": [], \"commands\": [{\"atOutput\": {\"value\": \"Sandwich Condiments grouping list with 4 items lettuce checkbox not checked\", \"highlightRequired\": false}, \"assertions\": [{\"result\": \"pass\", \"priority\": 1, \"description\": \"Role ''checkbox'' is conveyed\", \"highlightRequired\": false}, {\"result\": \"pass\", \"priority\": 1, \"description\": \"Name ''Lettuce'' is conveyed\", \"highlightRequired\": false}, {\"result\": \"pass\", \"priority\": 1, \"description\": \"State of the checkbox (not checked) is conveyed\", \"highlightRequired\": false}], \"unexpected\": {\"behaviors\": [{\"more\": null, \"checked\": false, \"description\": \"Output is excessively verbose, e.g., includes redundant and/or irrelevant speech\"}, {\"more\": null, \"checked\": false, \"description\": \"Reading cursor position changed in an unexpected manner\"}, {\"more\": null, \"checked\": false, \"description\": \"Screen reader became extremely sluggish\"}, {\"more\": null, \"checked\": false, \"description\": \"Screen reader crashed\"}, {\"more\": null, \"checked\": false, \"description\": \"Browser crashed\"}, {\"more\": {\"value\": \"\", \"highlightRequired\": false}, \"checked\": false, \"description\": \"Other\"}], \"hasUnexpected\": \"doesNotHaveUnexpected\", \"tabbedBehavior\": -1, \"highlightRequired\": false}, \"description\": \"Tab / Shift+Tab\", \"additionalAssertions\": []}], \"openTest\": {\"enabled\": true}, \"currentUserAction\": \"showResults\"}, \"result\": {\"results\": {\"table\": {\"headers\": {\"details\": \"Details\", \"support\": \"Support\", \"description\": \"Command\"}, \"commands\": [{\"details\": {\"output\": [\"output:\", {\"whitespace\": \"lineBreak\"}, \" \", \"Sandwich Condiments grouping list with 4 items lettuce checkbox not checked\"], \"failingAssertions\": {\"items\": [\"No failing assertions.\"], \"description\": \"Failing Assertions:\"}, \"passingAssertions\": {\"items\": [\"Role ''checkbox'' is conveyed\", \"Name ''Lettuce'' is conveyed\", \"State of the checkbox (not checked) is conveyed\"], \"description\": \"Passing Assertions:\"}, \"unexpectedBehaviors\": {\"items\": [\"No unexpect behaviors.\"], \"description\": \"Unexpected Behavior\"}}, \"support\": \"FULL\", \"description\": \"Tab / Shift+Tab\"}]}, \"header\": \"Navigate to an unchecked checkbox in interaction mode\", \"status\": {\"header\": [\"Test result: \", \"PASS\"]}}, \"resultsJSON\": {\"test\": \"Navigate to an unchecked checkbox in interaction mode\", \"status\": \"PASS\", \"details\": {\"name\": \"Navigate to an unchecked checkbox in interaction mode\", \"task\": \"navigate to unchecked checkbox\", \"summary\": {\"1\": {\"fail\": 0, \"pass\": 3}, \"2\": {\"fail\": 0, \"pass\": 0}, \"unexpectedCount\": 0}, \"commands\": [{\"output\": \"Sandwich Condiments grouping list with 4 items lettuce checkbox not checked\", \"command\": \"Tab / Shift+Tab\", \"support\": \"FULL\", \"assertions\": [{\"pass\": \"Good Output\", \"priority\": \"1\", \"assertion\": \"Role ''checkbox'' is conveyed\"}, {\"pass\": \"Good Output\", \"priority\": \"1\", \"assertion\": \"Name ''Lettuce'' is conveyed\"}, {\"pass\": \"Good Output\", \"priority\": \"1\", \"assertion\": \"State of the checkbox (not checked) is conveyed\"}], \"unexpected_behaviors\": []}], \"specific_user_instruction\": \"Navigate to the first checkbox. Note: it should be in the unchecked state.\"}}}}","{\"test\": {\"scripts\": \"var scripts = {\\n\\t\\tcheckFirstCheckbox: function(testPageDocument){\\n\\t\\t\\t// Set aria-checked on first checkbox\\n\\t\\t\\ttestPageDocument.querySelector(''[role=\\\"checkbox\\\"]'').setAttribute(''aria-checked'', ''true'');\\n\\t\\t}\\n\\t};\", \"htmlFile\": \"build/tests/checkbox/test-04-navigate-to-checked-checkbox-reading.html\", \"testJson\": {\"mode\": \"reading\", \"task\": \"navigate to checked checkbox\", \"applies_to\": [\"jaws\", \"nvda\"], \"setupTestPage\": \"checkFirstCheckbox\", \"output_assertions\": [[\"1\", \"Role ''checkbox'' is conveyed\"], [\"1\", \"Name ''Lettuce'' is conveyed\"], [\"1\", \"State of the checkbox (checked) is conveyed\"]], \"setup_script_description\": \"sets the state of the first checkbox to checked\", \"specific_user_instruction\": \"Navigate to the first checkbox. Note: it should be in the checked state.\"}, \"commandJson\": {\"navigate to checked checkbox\": {\"reading\": {\"jaws\": [[\"X_AND_SHIFT_X\"], [\"F_AND_SHIFT_F\"], [\"TAB_AND_SHIFT_TAB\"], [\"UP_AND_DOWN\"], [\"LEFT_AND_RIGHT\", \"(with Smart Navigation on)\"]], \"nvda\": [[\"X_AND_SHIFT_X\"], [\"F_AND_SHIFT_F\"], [\"TAB_AND_SHIFT_TAB\"], [\"UP_AND_DOWN\"]]}, \"interaction\": {\"jaws\": [[\"TAB_AND_SHIFT_TAB\"]], \"nvda\": [[\"TAB_AND_SHIFT_TAB\"]], \"voiceover_macos\": [[\"TAB_AND_SHIFT_TAB\"], [\"CTRL_OPT_RIGHT_AND_CTRL_OPT_LEFT\"], [\"CTRL_OPT_CMD_J_AND_SHIFT_CTRL_OPT_CMD_J\"]]}}}, \"testFullName\": \"Navigate to a checked checkbox in reading mode\", \"executionOrder\": 4}}","{\"test\": {\"scripts\": \"var scripts = {\\n\\t\\tcheckFirstCheckbox: function(testPageDocument){\\n\\t\\t\\t// Set aria-checked on first checkbox\\n\\t\\t\\ttestPageDocument.querySelector(''[role=\\\"checkbox\\\"]'').setAttribute(''aria-checked'', ''true'');\\n\\t\\t}\\n\\t};\", \"htmlFile\": \"build/tests/checkbox/test-05-navigate-to-checked-checkbox-interaction.html\", \"testJson\": {\"mode\": \"interaction\", \"task\": \"navigate to checked checkbox\", \"applies_to\": [\"jaws\", \"nvda\"], \"setupTestPage\": \"checkFirstCheckbox\", \"output_assertions\": [[\"1\", \"Role ''checkbox'' is conveyed\"], [\"1\", \"Name ''Lettuce'' is conveyed\"], [\"1\", \"State of the checkbox (checked) is conveyed\"]], \"setup_script_description\": \"sets the state of the first checkbox to checked\", \"specific_user_instruction\": \"Navigate to the first checkbox. Note: it should be in the checked state.\"}, \"commandJson\": {\"navigate to checked checkbox\": {\"reading\": {\"jaws\": [[\"X_AND_SHIFT_X\"], [\"F_AND_SHIFT_F\"], [\"TAB_AND_SHIFT_TAB\"], [\"UP_AND_DOWN\"], [\"LEFT_AND_RIGHT\", \"(with Smart Navigation on)\"]], \"nvda\": [[\"X_AND_SHIFT_X\"], [\"F_AND_SHIFT_F\"], [\"TAB_AND_SHIFT_TAB\"], [\"UP_AND_DOWN\"]]}, \"interaction\": {\"jaws\": [[\"TAB_AND_SHIFT_TAB\"]], \"nvda\": [[\"TAB_AND_SHIFT_TAB\"]], \"voiceover_macos\": [[\"TAB_AND_SHIFT_TAB\"], [\"CTRL_OPT_RIGHT_AND_CTRL_OPT_LEFT\"], [\"CTRL_OPT_CMD_J_AND_SHIFT_CTRL_OPT_CMD_J\"]]}}}, \"testFullName\": \"Navigate to a checked checkbox in interaction mode\", \"executionOrder\": 5}}","{\"test\": {\"scripts\": \"var scripts = {\\n\\n\\t};\", \"htmlFile\": \"build/tests/checkbox/test-07-operate-checkbox-reading.html\", \"testJson\": {\"mode\": \"reading\", \"task\": \"operate checkbox\", \"applies_to\": [\"jaws\", \"nvda\"], \"setupTestPage\": \"\", \"output_assertions\": [[\"1\", \"Change in state is conveyed\"]], \"setup_script_description\": \"\", \"specific_user_instruction\": \"Check and uncheck the first checkbox.\"}, \"commandJson\": {\"operate checkbox\": {\"reading\": {\"jaws\": [[\"ENTER\"], [\"SPACE\"]], \"nvda\": [[\"ENTER\"], [\"SPACE\"]]}, \"interaction\": {\"jaws\": [[\"SPACE\"]], \"nvda\": [[\"SPACE\"]], \"voiceover_macos\": [[\"CTRL_OPT_SPACE\"], [\"SPACE\"]]}}}, \"testFullName\": \"Operate a checkbox in reading mode\", \"executionOrder\": 7}}","{\"test\": {\"scripts\": \"var scripts = {\\n\\n\\t};\", \"htmlFile\": \"build/tests/checkbox/test-08-operate-checkbox-interaction.html\", \"testJson\": {\"mode\": \"interaction\", \"task\": \"operate checkbox\", \"applies_to\": [\"jaws\", \"nvda\"], \"setupTestPage\": \"\", \"output_assertions\": [[\"1\", \"Change in state is conveyed\"]], \"setup_script_description\": \"\", \"specific_user_instruction\": \"Check and uncheck the first checkbox.\"}, \"commandJson\": {\"operate checkbox\": {\"reading\": {\"jaws\": [[\"ENTER\"], [\"SPACE\"]], \"nvda\": [[\"ENTER\"], [\"SPACE\"]]}, \"interaction\": {\"jaws\": [[\"SPACE\"]], \"nvda\": [[\"SPACE\"]], \"voiceover_macos\": [[\"CTRL_OPT_SPACE\"], [\"SPACE\"]]}}}, \"testFullName\": \"Operate a checkbox in interaction mode\", \"executionOrder\": 8}}","{\"test\": {\"scripts\": \"var scripts = {\\n\\t\\tmoveFocusToFirstCheckbox: function(testPageDocument){\\n\\t\\t\\t// Move focus to first checkbox\\n\\t\\t\\ttestPageDocument.querySelector(''[role=\\\"checkbox\\\"]'').focus();\\n\\t\\t}\\n\\t};\", \"htmlFile\": \"build/tests/checkbox/test-10-read-unchecked-checkbox-reading.html\", \"testJson\": {\"mode\": \"reading\", \"task\": \"read unchecked checkbox\", \"applies_to\": [\"jaws\", \"nvda\"], \"setupTestPage\": \"moveFocusToFirstCheckbox\", \"output_assertions\": [[\"1\", \"Role ''checkbox'' is conveyed\"], [\"1\", \"Name ''Lettuce'' is conveyed\"], [\"1\", \"State of the checkbox (not checked) is conveyed\"]], \"setup_script_description\": \"sets focus on the first checkbox\", \"specific_user_instruction\": \"When the reading cursor is on the first checkbox, read the first checkbox\"}, \"commandJson\": {\"read unchecked checkbox\": {\"reading\": {\"jaws\": [[\"INS_TAB\"], [\"INS_UP\"]], \"nvda\": [[\"INS_TAB\"], [\"INS_UP\"]]}, \"interaction\": {\"jaws\": [[\"INS_TAB\"], [\"INS_UP\"]], \"nvda\": [[\"INS_TAB\"], [\"INS_UP\"]], \"voiceover_macos\": [[\"CTRL_OPT_F3\"], [\"CTRL_OPT_F4\"]]}}}, \"testFullName\": \"Read an unchecked checkbox in reading mode\", \"executionOrder\": 10}}","{\"test\": {\"scripts\": \"var scripts = {\\n\\t\\tmoveFocusToFirstCheckbox: function(testPageDocument){\\n\\t\\t\\t// Move focus to first checkbox\\n\\t\\t\\ttestPageDocument.querySelector(''[role=\\\"checkbox\\\"]'').focus();\\n\\t\\t}\\n\\t};\", \"htmlFile\": \"build/tests/checkbox/test-11-read-unchecked-checkbox-interaction.html\", \"testJson\": {\"mode\": \"interaction\", \"task\": \"read unchecked checkbox\", \"applies_to\": [\"jaws\", \"nvda\"], \"setupTestPage\": \"moveFocusToFirstCheckbox\", \"output_assertions\": [[\"1\", \"Role ''checkbox'' is conveyed\"], [\"1\", \"Name ''Lettuce'' is conveyed\"], [\"1\", \"State of the checkbox (not checked) is conveyed\"]], \"setup_script_description\": \"sets focus on the first checkbox\", \"specific_user_instruction\": \"When the focus is on the first checkbox, read the first checkbox\"}, \"commandJson\": {\"read unchecked checkbox\": {\"reading\": {\"jaws\": [[\"INS_TAB\"], [\"INS_UP\"]], \"nvda\": [[\"INS_TAB\"], [\"INS_UP\"]]}, \"interaction\": {\"jaws\": [[\"INS_TAB\"], [\"INS_UP\"]], \"nvda\": [[\"INS_TAB\"], [\"INS_UP\"]], \"voiceover_macos\": [[\"CTRL_OPT_F3\"], [\"CTRL_OPT_F4\"]]}}}, \"testFullName\": \"Read an unchecked checkbox in interaction mode\", \"executionOrder\": 11}}","{\"test\": {\"scripts\": \"var scripts = {\\n\\t\\tmoveFocusAndCheckFirstCheckbox: function(testPageDocument){\\n\\t\\t\\t// Move focus and set aria-checked on first checkbox\\n\\t\\t\\tconst checkbox = testPageDocument.querySelector(''[role=\\\"checkbox\\\"]'');\\n\\t\\t\\tcheckbox.focus();\\n\\t\\t\\tcheckbox.setAttribute(''aria-checked'', ''true'');\\n\\t\\t}\\n\\t};\", \"htmlFile\": \"build/tests/checkbox/test-13-read-checked-checkbox-reading.html\", \"testJson\": {\"mode\": \"reading\", \"task\": \"read checked checkbox\", \"applies_to\": [\"jaws\", \"nvda\"], \"setupTestPage\": \"moveFocusAndCheckFirstCheckbox\", \"output_assertions\": [[\"1\", \"Role ''checkbox'' is conveyed\"], [\"1\", \"Name ''Lettuce'' is conveyed\"], [\"1\", \"State of the checkbox ( checked) is conveyed\"]], \"setup_script_description\": \"sets focus on the first checkbox and sets its state to checked\", \"specific_user_instruction\": \"When the reading cursor is on the first checkbox, read the first checkbox.  Note: it should be in the checked state.\"}, \"commandJson\": {\"read checked checkbox\": {\"reading\": {\"jaws\": [[\"INS_TAB\"], [\"INS_UP\"]], \"nvda\": [[\"INS_TAB\"], [\"INS_UP\"]]}, \"interaction\": {\"jaws\": [[\"INS_TAB\"], [\"INS_UP\"]], \"nvda\": [[\"INS_TAB\"], [\"INS_UP\"]], \"voiceover_macos\": [[\"CTRL_OPT_F3\"], [\"CTRL_OPT_F4\"]]}}}, \"testFullName\": \"Read a checked checkbox in reading mode\", \"executionOrder\": 13}}","{\"test\": {\"scripts\": \"var scripts = {\\n\\t\\tmoveFocusAndCheckFirstCheckbox: function(testPageDocument){\\n\\t\\t\\t// Move focus and set aria-checked on first checkbox\\n\\t\\t\\tconst checkbox = testPageDocument.querySelector(''[role=\\\"checkbox\\\"]'');\\n\\t\\t\\tcheckbox.focus();\\n\\t\\t\\tcheckbox.setAttribute(''aria-checked'', ''true'');\\n\\t\\t}\\n\\t};\", \"htmlFile\": \"build/tests/checkbox/test-14-read-checked-checkbox-interaction.html\", \"testJson\": {\"mode\": \"interaction\", \"task\": \"read checked checkbox\", \"applies_to\": [\"jaws\", \"nvda\"], \"setupTestPage\": \"moveFocusAndCheckFirstCheckbox\", \"output_assertions\": [[\"1\", \"Role ''checkbox'' is conveyed\"], [\"1\", \"Name ''Lettuce'' is conveyed\"], [\"1\", \"State of the checkbox (checked) is conveyed\"]], \"setup_script_description\": \"sets focus on the first checkbox and sets its state to checked\", \"specific_user_instruction\": \"When the focus is on the first checkbox, read the first checkbox.  Note: it should be in the checked state.\"}, \"commandJson\": {\"read checked checkbox\": {\"reading\": {\"jaws\": [[\"INS_TAB\"], [\"INS_UP\"]], \"nvda\": [[\"INS_TAB\"], [\"INS_UP\"]]}, \"interaction\": {\"jaws\": [[\"INS_TAB\"], [\"INS_UP\"]], \"nvda\": [[\"INS_TAB\"], [\"INS_UP\"]], \"voiceover_macos\": [[\"CTRL_OPT_F3\"], [\"CTRL_OPT_F4\"]]}}}, \"testFullName\": \"Read a checked checkbox in interaction mode\", \"executionOrder\": 14}}","{\"test\": {\"scripts\": \"var scripts = {\\n\\n\\t};\", \"htmlFile\": \"build/tests/checkbox/test-16-read-checkbox-group-reading.html\", \"testJson\": {\"mode\": \"reading\", \"task\": \"read checkbox group\", \"applies_to\": [\"jaws\", \"nvda\"], \"setupTestPage\": \"\", \"output_assertions\": [[\"2\", \"Role ''group'' is conveyed\"], [\"1\", \"Group name ''Sandwich Condiments'' is conveyed\"]], \"setup_script_description\": \"\", \"specific_user_instruction\": \"When reading cursor is on a checkbox, read its grouping information\"}, \"commandJson\": {\"read checkbox group\": {\"reading\": {\"jaws\": [[\"INS_TAB\"]], \"nvda\": [[\"INS_TAB\"]]}, \"interaction\": {\"jaws\": [[\"INS_TAB\"]], \"nvda\": [[\"INS_TAB\"]], \"voiceover_macos\": [[\"CTRL_OPT_F3\"], [\"CTRL_OPT_F4\"]]}}}, \"testFullName\": \"Read grouping information of a grouped checkbox in reading mode\", \"executionOrder\": 16}}","{\"test\": {\"scripts\": \"var scripts = {\\n\\n\\t};\", \"htmlFile\": \"build/tests/checkbox/test-17-read-checkbox-group-interaction.html\", \"testJson\": {\"mode\": \"interaction\", \"task\": \"read checkbox group\", \"applies_to\": [\"jaws\", \"nvda\"], \"setupTestPage\": \"\", \"output_assertions\": [[\"2\", \"Role ''group'' is conveyed\"], [\"1\", \"Group name ''Sandwich Condiments'' is conveyed\"]], \"setup_script_description\": \"\", \"specific_user_instruction\": \"When focus is on a checkbox, read its grouping information\"}, \"commandJson\": {\"read checkbox group\": {\"reading\": {\"jaws\": [[\"INS_TAB\"]], \"nvda\": [[\"INS_TAB\"]]}, \"interaction\": {\"jaws\": [[\"INS_TAB\"]], \"nvda\": [[\"INS_TAB\"]], \"voiceover_macos\": [[\"CTRL_OPT_F3\"], [\"CTRL_OPT_F4\"]]}}}, \"testFullName\": \"Read grouping information of a grouped checkbox in interaction mode\", \"executionOrder\": 17}}","{\"test\": {\"scripts\": \"var scripts = {\\n\\n\\t};\", \"htmlFile\": \"build/tests/checkbox/test-19-navigate-sequentially-through-checkbox-group-reading.html\", \"testJson\": {\"mode\": \"reading\", \"task\": \"navigate sequentially through checkbox group\", \"applies_to\": [\"jaws\", \"nvda\"], \"setupTestPage\": \"\", \"output_assertions\": [[\"1\", \"Role ''group'' is conveyed\"], [\"1\", \"Group name ''Sandwich Condiments'' is conveyed\"], [\"1\", \"Group boundaries at start and end of group are conveyed\"]], \"setup_script_description\": \"\", \"specific_user_instruction\": \"Navigate both forward and backward into and out of  the checkbox group.\"}, \"commandJson\": {\"navigate sequentially through checkbox group\": {\"reading\": {\"jaws\": [[\"UP\"], [\"DOWN\"]], \"nvda\": [[\"UP\"], [\"DOWN\"]]}, \"interaction\": {\"voiceover_macos\": [[\"CTRL_OPT_RIGHT\"], [\"CTRL_OPT_LEFT\"]]}}}, \"testFullName\": \"Navigate sequentially through a checkbox group in reading mode\", \"executionOrder\": 19}}","{\"test\": {\"scripts\": \"var scripts = {\\n\\n\\t};\", \"htmlFile\": \"build/tests/checkbox/test-21-navigate-into-checkbox-group-reading.html\", \"testJson\": {\"mode\": \"reading\", \"task\": \"navigate into checkbox group\", \"applies_to\": [\"jaws\", \"nvda\"], \"setupTestPage\": \"\", \"output_assertions\": [[\"2\", \"Role ''group'' is conveyed\"], [\"1\", \"Group name ''Sandwich Condiments'' is conveyed\"], [\"2\", \"The group boundary is conveyed\"]], \"setup_script_description\": \"\", \"specific_user_instruction\": \"Navigate from outside the checkbox group to a checkbox inside the group. Test both navigating forward into the start and backward into the end.\"}, \"commandJson\": {\"navigate into checkbox group\": {\"reading\": {\"jaws\": [[\"X\"], [\"SHIFT_X\"], [\"F\"], [\"SHIFT_F\"], [\"TAB\"], [\"SHIFT_TAB\"]], \"nvda\": [[\"X\"], [\"SHIFT_X\"], [\"F\"], [\"SHIFT_F\"], [\"TAB\"], [\"SHIFT_TAB\"]]}, \"interaction\": {\"jaws\": [[\"TAB\"], [\"SHIFT_TAB\"]], \"nvda\": [[\"TAB\"], [\"SHIFT_TAB\"]], \"voiceover_macos\": [[\"TAB\"], [\"SHIFT_TAB\"], [\"CTRL_OPT_RIGHT\"], [\"CTRL_OPT_LEFT\"], [\"CTRL_OPT_CMD_J\"], [\"SHIFT_CTRL_OPT_CMD_J\"]]}}}, \"testFullName\": \"Navigate into a checkbox group in reading mode\", \"executionOrder\": 21}}","{\"test\": {\"scripts\": \"var scripts = {\\n\\n\\t};\", \"htmlFile\": \"build/tests/checkbox/test-22-navigate-into-checkbox-group-interaction.html\", \"testJson\": {\"mode\": \"interaction\", \"task\": \"navigate into checkbox group\", \"applies_to\": [\"jaws\", \"nvda\"], \"setupTestPage\": \"\", \"output_assertions\": [[\"2\", \"Role ''group'' is conveyed\"], [\"1\", \"Group name ''Sandwich Condiments'' is conveyed\"], [\"2\", \"The group boundary is conveyed\"]], \"setup_script_description\": \"\", \"specific_user_instruction\": \"Navigate from outside the checkbox group to a checkbox inside the group. Test both navigating forward into the start and backward into the end.\"}, \"commandJson\": {\"navigate into checkbox group\": {\"reading\": {\"jaws\": [[\"X\"], [\"SHIFT_X\"], [\"F\"], [\"SHIFT_F\"], [\"TAB\"], [\"SHIFT_TAB\"]], \"nvda\": [[\"X\"], [\"SHIFT_X\"], [\"F\"], [\"SHIFT_F\"], [\"TAB\"], [\"SHIFT_TAB\"]]}, \"interaction\": {\"jaws\": [[\"TAB\"], [\"SHIFT_TAB\"]], \"nvda\": [[\"TAB\"], [\"SHIFT_TAB\"]], \"voiceover_macos\": [[\"TAB\"], [\"SHIFT_TAB\"], [\"CTRL_OPT_RIGHT\"], [\"CTRL_OPT_LEFT\"], [\"CTRL_OPT_CMD_J\"], [\"SHIFT_CTRL_OPT_CMD_J\"]]}}}, \"testFullName\": \"Navigate into a checkbox group in interaction mode\", \"executionOrder\": 22}}","{\"test\": {\"scripts\": \"var scripts = {\\n\\n\\t};\", \"htmlFile\": \"build/tests/checkbox/test-24-navigate-out-of-checkbox-group-reading.html\", \"testJson\": {\"mode\": \"reading\", \"task\": \"navigate out of checkbox group\", \"applies_to\": [\"jaws\", \"nvda\"], \"setupTestPage\": \"\", \"output_assertions\": [[\"2\", \"Role ''group'' is conveyed\"], [\"2\", \"Group name ''Sandwich Condiments'' is conveyed\"], [\"2\", \"The group boundary is conveyed\"]], \"setup_script_description\": \"\", \"specific_user_instruction\": \"Navigate from a checkbox inside the checkbox group to an element outside the checkbox group. Test both navigating forward out of the end and backward out of the start.\"}, \"commandJson\": {\"navigate out of checkbox group\": {\"reading\": {\"jaws\": [[\"TAB\"], [\"SHIFT_TAB\"]], \"nvda\": [[\"TAB\"], [\"SHIFT_TAB\"]]}, \"interaction\": {\"jaws\": [[\"TAB\"], [\"SHIFT_TAB\"]], \"nvda\": [[\"TAB\"], [\"SHIFT_TAB\"]], \"voiceover_macos\": [[\"TAB\"], [\"SHIFT_TAB\"], [\"CTRL_OPT_RIGHT\"], [\"CTRL_OPT_LEFT\"]]}}}, \"testFullName\": \"Navigate out of a checkbox group  in reading mode\", \"executionOrder\": 24}}","{\"test\": {\"scripts\": \"var scripts = {\\n\\n\\t};\", \"htmlFile\": \"build/tests/checkbox/test-25-navigate-out-of-checkbox-group-interaction.html\", \"testJson\": {\"mode\": \"interaction\", \"task\": \"navigate out of checkbox group\", \"applies_to\": [\"jaws\", \"nvda\"], \"setupTestPage\": \"\", \"output_assertions\": [[\"2\", \"Role ''group'' is conveyed\"], [\"2\", \"Group name ''Sandwich Condiments'' is conveyed\"], [\"2\", \"The group boundary is conveyed\"]], \"setup_script_description\": \"\", \"specific_user_instruction\": \"Navigate from a checkbox inside the checkbox group to an element outside the checkbox group. Test both navigating forward out of the end and backward out of the start.\"}, \"commandJson\": {\"navigate out of checkbox group\": {\"reading\": {\"jaws\": [[\"TAB\"], [\"SHIFT_TAB\"]], \"nvda\": [[\"TAB\"], [\"SHIFT_TAB\"]]}, \"interaction\": {\"jaws\": [[\"TAB\"], [\"SHIFT_TAB\"]], \"nvda\": [[\"TAB\"], [\"SHIFT_TAB\"]], \"voiceover_macos\": [[\"TAB\"], [\"SHIFT_TAB\"], [\"CTRL_OPT_RIGHT\"], [\"CTRL_OPT_LEFT\"]]}}}, \"testFullName\": \"Navigate out of a checkbox group in interaction mode\", \"executionOrder\": 25}}"}
');
INSERT INTO public."TestPlanRun" (id, "testerUserId", "testPlanReportId", "testResults") VALUES (3, 2, 2, '
	{"{\"test\": {\"scripts\": \"var scripts = {\\n\\n\\t};\", \"htmlFile\": \"build/tests/checkbox/test-01-navigate-to-unchecked-checkbox-reading.html\", \"testJson\": {\"mode\": \"reading\", \"task\": \"navigate to unchecked checkbox\", \"applies_to\": [\"jaws\", \"nvda\"], \"setupTestPage\": \"\", \"output_assertions\": [[\"1\", \"Role ''checkbox'' is conveyed\"], [\"1\", \"Name ''Lettuce'' is conveyed\"], [\"1\", \"State of the checkbox (not checked) is conveyed\"]], \"setup_script_description\": \"\", \"specific_user_instruction\": \"Navigate to the first checkbox. Note: it should be in the unchecked state.\"}, \"commandJson\": {\"navigate to unchecked checkbox\": {\"reading\": {\"jaws\": [[\"X_AND_SHIFT_X\"], [\"F_AND_SHIFT_F\"], [\"TAB_AND_SHIFT_TAB\"], [\"UP_AND_DOWN\"], [\"LEFT_AND_RIGHT\", \"(with Smart Navigation on)\"]], \"nvda\": [[\"X_AND_SHIFT_X\"], [\"F_AND_SHIFT_F\"], [\"TAB_AND_SHIFT_TAB\"], [\"UP_AND_DOWN\"]]}, \"interaction\": {\"jaws\": [[\"TAB_AND_SHIFT_TAB\"]], \"nvda\": [[\"TAB_AND_SHIFT_TAB\"]], \"voiceover_macos\": [[\"TAB_AND_SHIFT_TAB\"], [\"CTRL_OPT_RIGHT_AND_CTRL_OPT_LEFT\"], [\"CTRL_OPT_CMD_J_AND_SHIFT_CTRL_OPT_CMD_J\"]]}}}, \"testFullName\": \"Navigate to an unchecked checkbox in reading mode\", \"executionOrder\": 1}, \"state\": {\"info\": {\"mode\": \"reading\", \"task\": \"navigate to unchecked checkbox\", \"description\": \"Navigate to an unchecked checkbox in reading mode\", \"modeInstructions\": \"Insure NVDA is in browse mode by pressing Escape. Note: This command has no effect if NVDA is already in browse mode.\", \"userInstructions\": [\"Navigate to the first checkbox. Note: it should be in the unchecked state.\"], \"setupScriptDescription\": \"\"}, \"config\": {\"at\": {\"key\": \"nvda\", \"name\": \"NVDA\"}, \"displaySubmitButton\": true, \"renderResultsAfterSubmit\": true}, \"errors\": [], \"commands\": [{\"atOutput\": {\"value\": \"Sandwich condiments grouping list with 4 items lettuce checkbox not checked.\", \"highlightRequired\": false}, \"assertions\": [{\"result\": \"pass\", \"priority\": 1, \"description\": \"Role ''checkbox'' is conveyed\", \"highlightRequired\": false}, {\"result\": \"pass\", \"priority\": 1, \"description\": \"Name ''Lettuce'' is conveyed\", \"highlightRequired\": false}, {\"result\": \"pass\", \"priority\": 1, \"description\": \"State of the checkbox (not checked) is conveyed\", \"highlightRequired\": false}], \"unexpected\": {\"behaviors\": [{\"more\": null, \"checked\": false, \"description\": \"Output is excessively verbose, e.g., includes redundant and/or irrelevant speech\"}, {\"more\": null, \"checked\": false, \"description\": \"Reading cursor position changed in an unexpected manner\"}, {\"more\": null, \"checked\": false, \"description\": \"Screen reader became extremely sluggish\"}, {\"more\": null, \"checked\": false, \"description\": \"Screen reader crashed\"}, {\"more\": null, \"checked\": false, \"description\": \"Browser crashed\"}, {\"more\": {\"value\": \"\", \"highlightRequired\": false}, \"checked\": false, \"description\": \"Other\"}], \"hasUnexpected\": \"doesNotHaveUnexpected\", \"tabbedBehavior\": -1, \"highlightRequired\": false}, \"description\": \"X / Shift+X\", \"additionalAssertions\": []}, {\"atOutput\": {\"value\": \"Sandwich condiments grouping list with 4 items lettuce checkbox not checked.\", \"highlightRequired\": false}, \"assertions\": [{\"result\": \"pass\", \"priority\": 1, \"description\": \"Role ''checkbox'' is conveyed\", \"highlightRequired\": false}, {\"result\": \"pass\", \"priority\": 1, \"description\": \"Name ''Lettuce'' is conveyed\", \"highlightRequired\": false}, {\"result\": \"failMissing\", \"priority\": 1, \"description\": \"State of the checkbox (not checked) is conveyed\", \"highlightRequired\": false}], \"unexpected\": {\"behaviors\": [{\"more\": null, \"checked\": false, \"description\": \"Output is excessively verbose, e.g., includes redundant and/or irrelevant speech\"}, {\"more\": null, \"checked\": false, \"description\": \"Reading cursor position changed in an unexpected manner\"}, {\"more\": null, \"checked\": false, \"description\": \"Screen reader became extremely sluggish\"}, {\"more\": null, \"checked\": false, \"description\": \"Screen reader crashed\"}, {\"more\": null, \"checked\": false, \"description\": \"Browser crashed\"}, {\"more\": {\"value\": \"\", \"highlightRequired\": false}, \"checked\": false, \"description\": \"Other\"}], \"hasUnexpected\": \"doesNotHaveUnexpected\", \"tabbedBehavior\": -1, \"highlightRequired\": false}, \"description\": \"F / Shift+F\", \"additionalAssertions\": []}, {\"atOutput\": {\"value\": \"Sandwich condiments grouping list with 4 items lettuce checkbox not checked.\", \"highlightRequired\": false}, \"assertions\": [{\"result\": \"pass\", \"priority\": 1, \"description\": \"Role ''checkbox'' is conveyed\", \"highlightRequired\": false}, {\"result\": \"pass\", \"priority\": 1, \"description\": \"Name ''Lettuce'' is conveyed\", \"highlightRequired\": false}, {\"result\": \"failIncorrect\", \"priority\": 1, \"description\": \"State of the checkbox (not checked) is conveyed\", \"highlightRequired\": false}], \"unexpected\": {\"behaviors\": [{\"more\": null, \"checked\": false, \"description\": \"Output is excessively verbose, e.g., includes redundant and/or irrelevant speech\"}, {\"more\": null, \"checked\": false, \"description\": \"Reading cursor position changed in an unexpected manner\"}, {\"more\": null, \"checked\": false, \"description\": \"Screen reader became extremely sluggish\"}, {\"more\": null, \"checked\": false, \"description\": \"Screen reader crashed\"}, {\"more\": null, \"checked\": false, \"description\": \"Browser crashed\"}, {\"more\": {\"value\": \"\", \"highlightRequired\": false}, \"checked\": false, \"description\": \"Other\"}], \"hasUnexpected\": \"doesNotHaveUnexpected\", \"tabbedBehavior\": -1, \"highlightRequired\": false}, \"description\": \"Tab / Shift+Tab\", \"additionalAssertions\": []}, {\"atOutput\": {\"value\": \"Sandwich condiments grouping list with 4 items lettuce checkbox not checked.\", \"highlightRequired\": false}, \"assertions\": [{\"result\": \"pass\", \"priority\": 1, \"description\": \"Role ''checkbox'' is conveyed\", \"highlightRequired\": false}, {\"result\": \"pass\", \"priority\": 1, \"description\": \"Name ''Lettuce'' is conveyed\", \"highlightRequired\": false}, {\"result\": \"pass\", \"priority\": 1, \"description\": \"State of the checkbox (not checked) is conveyed\", \"highlightRequired\": false}], \"unexpected\": {\"behaviors\": [{\"more\": null, \"checked\": true, \"description\": \"Output is excessively verbose, e.g., includes redundant and/or irrelevant speech\"}, {\"more\": null, \"checked\": false, \"description\": \"Reading cursor position changed in an unexpected manner\"}, {\"more\": null, \"checked\": false, \"description\": \"Screen reader became extremely sluggish\"}, {\"more\": null, \"checked\": false, \"description\": \"Screen reader crashed\"}, {\"more\": null, \"checked\": false, \"description\": \"Browser crashed\"}, {\"more\": {\"value\": \"Custom text\", \"highlightRequired\": false}, \"checked\": true, \"description\": \"Other\"}], \"hasUnexpected\": \"hasUnexpected\", \"tabbedBehavior\": 0, \"highlightRequired\": false}, \"description\": \"Up Arrow / Down Arrow\", \"additionalAssertions\": []}], \"openTest\": {\"enabled\": true}, \"currentUserAction\": \"showResults\"}, \"result\": {\"results\": {\"table\": {\"headers\": {\"details\": \"Details\", \"support\": \"Support\", \"description\": \"Command\"}, \"commands\": [{\"details\": {\"output\": [\"output:\", {\"whitespace\": \"lineBreak\"}, \" \", \"Sandwich condiments grouping list with 4 items lettuce checkbox not checked.\"], \"failingAssertions\": {\"items\": [\"No failing assertions.\"], \"description\": \"Failing Assertions:\"}, \"passingAssertions\": {\"items\": [\"Role ''checkbox'' is conveyed\", \"Name ''Lettuce'' is conveyed\", \"State of the checkbox (not checked) is conveyed\"], \"description\": \"Passing Assertions:\"}, \"unexpectedBehaviors\": {\"items\": [\"No unexpect behaviors.\"], \"description\": \"Unexpected Behavior\"}}, \"support\": \"FULL\", \"description\": \"X / Shift+X\"}, {\"details\": {\"output\": [\"output:\", {\"whitespace\": \"lineBreak\"}, \" \", \"Sandwich condiments grouping list with 4 items lettuce checkbox not checked.\"], \"failingAssertions\": {\"items\": [\"State of the checkbox (not checked) is conveyed\"], \"description\": \"Failing Assertions:\"}, \"passingAssertions\": {\"items\": [\"Role ''checkbox'' is conveyed\", \"Name ''Lettuce'' is conveyed\"], \"description\": \"Passing Assertions:\"}, \"unexpectedBehaviors\": {\"items\": [\"No unexpect behaviors.\"], \"description\": \"Unexpected Behavior\"}}, \"support\": \"FAILING\", \"description\": \"F / Shift+F\"}, {\"details\": {\"output\": [\"output:\", {\"whitespace\": \"lineBreak\"}, \" \", \"Sandwich condiments grouping list with 4 items lettuce checkbox not checked.\"], \"failingAssertions\": {\"items\": [\"State of the checkbox (not checked) is conveyed\"], \"description\": \"Failing Assertions:\"}, \"passingAssertions\": {\"items\": [\"Role ''checkbox'' is conveyed\", \"Name ''Lettuce'' is conveyed\"], \"description\": \"Passing Assertions:\"}, \"unexpectedBehaviors\": {\"items\": [\"No unexpect behaviors.\"], \"description\": \"Unexpected Behavior\"}}, \"support\": \"FAILING\", \"description\": \"Tab / Shift+Tab\"}, {\"details\": {\"output\": [\"output:\", {\"whitespace\": \"lineBreak\"}, \" \", \"Sandwich condiments grouping list with 4 items lettuce checkbox not checked.\"], \"failingAssertions\": {\"items\": [\"No failing assertions.\"], \"description\": \"Failing Assertions:\"}, \"passingAssertions\": {\"items\": [\"Role ''checkbox'' is conveyed\", \"Name ''Lettuce'' is conveyed\", \"State of the checkbox (not checked) is conveyed\"], \"description\": \"Passing Assertions:\"}, \"unexpectedBehaviors\": {\"items\": [\"Output is excessively verbose, e.g., includes redundant and/or irrelevant speech\", \"Custom text\"], \"description\": \"Unexpected Behavior\"}}, \"support\": \"FAILING\", \"description\": \"Up Arrow / Down Arrow\"}]}, \"header\": \"Navigate to an unchecked checkbox in reading mode\", \"status\": {\"header\": [\"Test result: \", \"FAIL\"]}}, \"resultsJSON\": {\"test\": \"Navigate to an unchecked checkbox in reading mode\", \"status\": \"FAIL\", \"details\": {\"name\": \"Navigate to an unchecked checkbox in reading mode\", \"task\": \"navigate to unchecked checkbox\", \"summary\": {\"1\": {\"fail\": 2, \"pass\": 10}, \"2\": {\"fail\": 0, \"pass\": 0}, \"unexpectedCount\": 2}, \"commands\": [{\"output\": \"Sandwich condiments grouping list with 4 items lettuce checkbox not checked.\", \"command\": \"X / Shift+X\", \"support\": \"FULL\", \"assertions\": [{\"pass\": \"Good Output\", \"priority\": \"1\", \"assertion\": \"Role ''checkbox'' is conveyed\"}, {\"pass\": \"Good Output\", \"priority\": \"1\", \"assertion\": \"Name ''Lettuce'' is conveyed\"}, {\"pass\": \"Good Output\", \"priority\": \"1\", \"assertion\": \"State of the checkbox (not checked) is conveyed\"}], \"unexpected_behaviors\": []}, {\"output\": \"Sandwich condiments grouping list with 4 items lettuce checkbox not checked.\", \"command\": \"F / Shift+F\", \"support\": \"FAILING\", \"assertions\": [{\"pass\": \"Good Output\", \"priority\": \"1\", \"assertion\": \"Role ''checkbox'' is conveyed\"}, {\"pass\": \"Good Output\", \"priority\": \"1\", \"assertion\": \"Name ''Lettuce'' is conveyed\"}, {\"fail\": \"No Output\", \"priority\": \"1\", \"assertion\": \"State of the checkbox (not checked) is conveyed\"}], \"unexpected_behaviors\": []}, {\"output\": \"Sandwich condiments grouping list with 4 items lettuce checkbox not checked.\", \"command\": \"Tab / Shift+Tab\", \"support\": \"FAILING\", \"assertions\": [{\"pass\": \"Good Output\", \"priority\": \"1\", \"assertion\": \"Role ''checkbox'' is conveyed\"}, {\"pass\": \"Good Output\", \"priority\": \"1\", \"assertion\": \"Name ''Lettuce'' is conveyed\"}, {\"fail\": \"Incorrect Output\", \"priority\": \"1\", \"assertion\": \"State of the checkbox (not checked) is conveyed\"}], \"unexpected_behaviors\": []}, {\"output\": \"Sandwich condiments grouping list with 4 items lettuce checkbox not checked.\", \"command\": \"Up Arrow / Down Arrow\", \"support\": \"FAILING\", \"assertions\": [{\"pass\": \"Good Output\", \"priority\": \"1\", \"assertion\": \"Role ''checkbox'' is conveyed\"}, {\"pass\": \"Good Output\", \"priority\": \"1\", \"assertion\": \"Name ''Lettuce'' is conveyed\"}, {\"pass\": \"Good Output\", \"priority\": \"1\", \"assertion\": \"State of the checkbox (not checked) is conveyed\"}], \"unexpected_behaviors\": [\"Output is excessively verbose, e.g., includes redundant and/or irrelevant speech\", \"Custom text\"]}], \"specific_user_instruction\": \"Navigate to the first checkbox. Note: it should be in the unchecked state.\"}}}}","{\"test\": {\"scripts\": \"var scripts = {\\n\\n\\t};\", \"htmlFile\": \"build/tests/checkbox/test-02-navigate-to-unchecked-checkbox-interaction.html\", \"testJson\": {\"mode\": \"interaction\", \"task\": \"navigate to unchecked checkbox\", \"applies_to\": [\"jaws\", \"nvda\"], \"setupTestPage\": \"\", \"output_assertions\": [[\"1\", \"Role ''checkbox'' is conveyed\"], [\"1\", \"Name ''Lettuce'' is conveyed\"], [\"1\", \"State of the checkbox (not checked) is conveyed\"]], \"setup_script_description\": \"\", \"specific_user_instruction\": \"Navigate to the first checkbox. Note: it should be in the unchecked state.\"}, \"commandJson\": {\"navigate to unchecked checkbox\": {\"reading\": {\"jaws\": [[\"X_AND_SHIFT_X\"], [\"F_AND_SHIFT_F\"], [\"TAB_AND_SHIFT_TAB\"], [\"UP_AND_DOWN\"], [\"LEFT_AND_RIGHT\", \"(with Smart Navigation on)\"]], \"nvda\": [[\"X_AND_SHIFT_X\"], [\"F_AND_SHIFT_F\"], [\"TAB_AND_SHIFT_TAB\"], [\"UP_AND_DOWN\"]]}, \"interaction\": {\"jaws\": [[\"TAB_AND_SHIFT_TAB\"]], \"nvda\": [[\"TAB_AND_SHIFT_TAB\"]], \"voiceover_macos\": [[\"TAB_AND_SHIFT_TAB\"], [\"CTRL_OPT_RIGHT_AND_CTRL_OPT_LEFT\"], [\"CTRL_OPT_CMD_J_AND_SHIFT_CTRL_OPT_CMD_J\"]]}}}, \"testFullName\": \"Navigate to an unchecked checkbox in interaction mode\", \"executionOrder\": 2}}","{\"test\": {\"scripts\": \"var scripts = {\\n\\t\\tcheckFirstCheckbox: function(testPageDocument){\\n\\t\\t\\t// Set aria-checked on first checkbox\\n\\t\\t\\ttestPageDocument.querySelector(''[role=\\\"checkbox\\\"]'').setAttribute(''aria-checked'', ''true'');\\n\\t\\t}\\n\\t};\", \"htmlFile\": \"build/tests/checkbox/test-04-navigate-to-checked-checkbox-reading.html\", \"testJson\": {\"mode\": \"reading\", \"task\": \"navigate to checked checkbox\", \"applies_to\": [\"jaws\", \"nvda\"], \"setupTestPage\": \"checkFirstCheckbox\", \"output_assertions\": [[\"1\", \"Role ''checkbox'' is conveyed\"], [\"1\", \"Name ''Lettuce'' is conveyed\"], [\"1\", \"State of the checkbox (checked) is conveyed\"]], \"setup_script_description\": \"sets the state of the first checkbox to checked\", \"specific_user_instruction\": \"Navigate to the first checkbox. Note: it should be in the checked state.\"}, \"commandJson\": {\"navigate to checked checkbox\": {\"reading\": {\"jaws\": [[\"X_AND_SHIFT_X\"], [\"F_AND_SHIFT_F\"], [\"TAB_AND_SHIFT_TAB\"], [\"UP_AND_DOWN\"], [\"LEFT_AND_RIGHT\", \"(with Smart Navigation on)\"]], \"nvda\": [[\"X_AND_SHIFT_X\"], [\"F_AND_SHIFT_F\"], [\"TAB_AND_SHIFT_TAB\"], [\"UP_AND_DOWN\"]]}, \"interaction\": {\"jaws\": [[\"TAB_AND_SHIFT_TAB\"]], \"nvda\": [[\"TAB_AND_SHIFT_TAB\"]], \"voiceover_macos\": [[\"TAB_AND_SHIFT_TAB\"], [\"CTRL_OPT_RIGHT_AND_CTRL_OPT_LEFT\"], [\"CTRL_OPT_CMD_J_AND_SHIFT_CTRL_OPT_CMD_J\"]]}}}, \"testFullName\": \"Navigate to a checked checkbox in reading mode\", \"executionOrder\": 4}}","{\"test\": {\"scripts\": \"var scripts = {\\n\\t\\tcheckFirstCheckbox: function(testPageDocument){\\n\\t\\t\\t// Set aria-checked on first checkbox\\n\\t\\t\\ttestPageDocument.querySelector(''[role=\\\"checkbox\\\"]'').setAttribute(''aria-checked'', ''true'');\\n\\t\\t}\\n\\t};\", \"htmlFile\": \"build/tests/checkbox/test-05-navigate-to-checked-checkbox-interaction.html\", \"testJson\": {\"mode\": \"interaction\", \"task\": \"navigate to checked checkbox\", \"applies_to\": [\"jaws\", \"nvda\"], \"setupTestPage\": \"checkFirstCheckbox\", \"output_assertions\": [[\"1\", \"Role ''checkbox'' is conveyed\"], [\"1\", \"Name ''Lettuce'' is conveyed\"], [\"1\", \"State of the checkbox (checked) is conveyed\"]], \"setup_script_description\": \"sets the state of the first checkbox to checked\", \"specific_user_instruction\": \"Navigate to the first checkbox. Note: it should be in the checked state.\"}, \"commandJson\": {\"navigate to checked checkbox\": {\"reading\": {\"jaws\": [[\"X_AND_SHIFT_X\"], [\"F_AND_SHIFT_F\"], [\"TAB_AND_SHIFT_TAB\"], [\"UP_AND_DOWN\"], [\"LEFT_AND_RIGHT\", \"(with Smart Navigation on)\"]], \"nvda\": [[\"X_AND_SHIFT_X\"], [\"F_AND_SHIFT_F\"], [\"TAB_AND_SHIFT_TAB\"], [\"UP_AND_DOWN\"]]}, \"interaction\": {\"jaws\": [[\"TAB_AND_SHIFT_TAB\"]], \"nvda\": [[\"TAB_AND_SHIFT_TAB\"]], \"voiceover_macos\": [[\"TAB_AND_SHIFT_TAB\"], [\"CTRL_OPT_RIGHT_AND_CTRL_OPT_LEFT\"], [\"CTRL_OPT_CMD_J_AND_SHIFT_CTRL_OPT_CMD_J\"]]}}}, \"testFullName\": \"Navigate to a checked checkbox in interaction mode\", \"executionOrder\": 5}}","{\"test\": {\"scripts\": \"var scripts = {\\n\\n\\t};\", \"htmlFile\": \"build/tests/checkbox/test-07-operate-checkbox-reading.html\", \"testJson\": {\"mode\": \"reading\", \"task\": \"operate checkbox\", \"applies_to\": [\"jaws\", \"nvda\"], \"setupTestPage\": \"\", \"output_assertions\": [[\"1\", \"Change in state is conveyed\"]], \"setup_script_description\": \"\", \"specific_user_instruction\": \"Check and uncheck the first checkbox.\"}, \"commandJson\": {\"operate checkbox\": {\"reading\": {\"jaws\": [[\"ENTER\"], [\"SPACE\"]], \"nvda\": [[\"ENTER\"], [\"SPACE\"]]}, \"interaction\": {\"jaws\": [[\"SPACE\"]], \"nvda\": [[\"SPACE\"]], \"voiceover_macos\": [[\"CTRL_OPT_SPACE\"], [\"SPACE\"]]}}}, \"testFullName\": \"Operate a checkbox in reading mode\", \"executionOrder\": 7}}","{\"test\": {\"scripts\": \"var scripts = {\\n\\n\\t};\", \"htmlFile\": \"build/tests/checkbox/test-08-operate-checkbox-interaction.html\", \"testJson\": {\"mode\": \"interaction\", \"task\": \"operate checkbox\", \"applies_to\": [\"jaws\", \"nvda\"], \"setupTestPage\": \"\", \"output_assertions\": [[\"1\", \"Change in state is conveyed\"]], \"setup_script_description\": \"\", \"specific_user_instruction\": \"Check and uncheck the first checkbox.\"}, \"commandJson\": {\"operate checkbox\": {\"reading\": {\"jaws\": [[\"ENTER\"], [\"SPACE\"]], \"nvda\": [[\"ENTER\"], [\"SPACE\"]]}, \"interaction\": {\"jaws\": [[\"SPACE\"]], \"nvda\": [[\"SPACE\"]], \"voiceover_macos\": [[\"CTRL_OPT_SPACE\"], [\"SPACE\"]]}}}, \"testFullName\": \"Operate a checkbox in interaction mode\", \"executionOrder\": 8}}","{\"test\": {\"scripts\": \"var scripts = {\\n\\t\\tmoveFocusToFirstCheckbox: function(testPageDocument){\\n\\t\\t\\t// Move focus to first checkbox\\n\\t\\t\\ttestPageDocument.querySelector(''[role=\\\"checkbox\\\"]'').focus();\\n\\t\\t}\\n\\t};\", \"htmlFile\": \"build/tests/checkbox/test-10-read-unchecked-checkbox-reading.html\", \"testJson\": {\"mode\": \"reading\", \"task\": \"read unchecked checkbox\", \"applies_to\": [\"jaws\", \"nvda\"], \"setupTestPage\": \"moveFocusToFirstCheckbox\", \"output_assertions\": [[\"1\", \"Role ''checkbox'' is conveyed\"], [\"1\", \"Name ''Lettuce'' is conveyed\"], [\"1\", \"State of the checkbox (not checked) is conveyed\"]], \"setup_script_description\": \"sets focus on the first checkbox\", \"specific_user_instruction\": \"When the reading cursor is on the first checkbox, read the first checkbox\"}, \"commandJson\": {\"read unchecked checkbox\": {\"reading\": {\"jaws\": [[\"INS_TAB\"], [\"INS_UP\"]], \"nvda\": [[\"INS_TAB\"], [\"INS_UP\"]]}, \"interaction\": {\"jaws\": [[\"INS_TAB\"], [\"INS_UP\"]], \"nvda\": [[\"INS_TAB\"], [\"INS_UP\"]], \"voiceover_macos\": [[\"CTRL_OPT_F3\"], [\"CTRL_OPT_F4\"]]}}}, \"testFullName\": \"Read an unchecked checkbox in reading mode\", \"executionOrder\": 10}}","{\"test\": {\"scripts\": \"var scripts = {\\n\\t\\tmoveFocusToFirstCheckbox: function(testPageDocument){\\n\\t\\t\\t// Move focus to first checkbox\\n\\t\\t\\ttestPageDocument.querySelector(''[role=\\\"checkbox\\\"]'').focus();\\n\\t\\t}\\n\\t};\", \"htmlFile\": \"build/tests/checkbox/test-11-read-unchecked-checkbox-interaction.html\", \"testJson\": {\"mode\": \"interaction\", \"task\": \"read unchecked checkbox\", \"applies_to\": [\"jaws\", \"nvda\"], \"setupTestPage\": \"moveFocusToFirstCheckbox\", \"output_assertions\": [[\"1\", \"Role ''checkbox'' is conveyed\"], [\"1\", \"Name ''Lettuce'' is conveyed\"], [\"1\", \"State of the checkbox (not checked) is conveyed\"]], \"setup_script_description\": \"sets focus on the first checkbox\", \"specific_user_instruction\": \"When the focus is on the first checkbox, read the first checkbox\"}, \"commandJson\": {\"read unchecked checkbox\": {\"reading\": {\"jaws\": [[\"INS_TAB\"], [\"INS_UP\"]], \"nvda\": [[\"INS_TAB\"], [\"INS_UP\"]]}, \"interaction\": {\"jaws\": [[\"INS_TAB\"], [\"INS_UP\"]], \"nvda\": [[\"INS_TAB\"], [\"INS_UP\"]], \"voiceover_macos\": [[\"CTRL_OPT_F3\"], [\"CTRL_OPT_F4\"]]}}}, \"testFullName\": \"Read an unchecked checkbox in interaction mode\", \"executionOrder\": 11}}","{\"test\": {\"scripts\": \"var scripts = {\\n\\t\\tmoveFocusAndCheckFirstCheckbox: function(testPageDocument){\\n\\t\\t\\t// Move focus and set aria-checked on first checkbox\\n\\t\\t\\tconst checkbox = testPageDocument.querySelector(''[role=\\\"checkbox\\\"]'');\\n\\t\\t\\tcheckbox.focus();\\n\\t\\t\\tcheckbox.setAttribute(''aria-checked'', ''true'');\\n\\t\\t}\\n\\t};\", \"htmlFile\": \"build/tests/checkbox/test-13-read-checked-checkbox-reading.html\", \"testJson\": {\"mode\": \"reading\", \"task\": \"read checked checkbox\", \"applies_to\": [\"jaws\", \"nvda\"], \"setupTestPage\": \"moveFocusAndCheckFirstCheckbox\", \"output_assertions\": [[\"1\", \"Role ''checkbox'' is conveyed\"], [\"1\", \"Name ''Lettuce'' is conveyed\"], [\"1\", \"State of the checkbox ( checked) is conveyed\"]], \"setup_script_description\": \"sets focus on the first checkbox and sets its state to checked\", \"specific_user_instruction\": \"When the reading cursor is on the first checkbox, read the first checkbox.  Note: it should be in the checked state.\"}, \"commandJson\": {\"read checked checkbox\": {\"reading\": {\"jaws\": [[\"INS_TAB\"], [\"INS_UP\"]], \"nvda\": [[\"INS_TAB\"], [\"INS_UP\"]]}, \"interaction\": {\"jaws\": [[\"INS_TAB\"], [\"INS_UP\"]], \"nvda\": [[\"INS_TAB\"], [\"INS_UP\"]], \"voiceover_macos\": [[\"CTRL_OPT_F3\"], [\"CTRL_OPT_F4\"]]}}}, \"testFullName\": \"Read a checked checkbox in reading mode\", \"executionOrder\": 13}}","{\"test\": {\"scripts\": \"var scripts = {\\n\\t\\tmoveFocusAndCheckFirstCheckbox: function(testPageDocument){\\n\\t\\t\\t// Move focus and set aria-checked on first checkbox\\n\\t\\t\\tconst checkbox = testPageDocument.querySelector(''[role=\\\"checkbox\\\"]'');\\n\\t\\t\\tcheckbox.focus();\\n\\t\\t\\tcheckbox.setAttribute(''aria-checked'', ''true'');\\n\\t\\t}\\n\\t};\", \"htmlFile\": \"build/tests/checkbox/test-14-read-checked-checkbox-interaction.html\", \"testJson\": {\"mode\": \"interaction\", \"task\": \"read checked checkbox\", \"applies_to\": [\"jaws\", \"nvda\"], \"setupTestPage\": \"moveFocusAndCheckFirstCheckbox\", \"output_assertions\": [[\"1\", \"Role ''checkbox'' is conveyed\"], [\"1\", \"Name ''Lettuce'' is conveyed\"], [\"1\", \"State of the checkbox (checked) is conveyed\"]], \"setup_script_description\": \"sets focus on the first checkbox and sets its state to checked\", \"specific_user_instruction\": \"When the focus is on the first checkbox, read the first checkbox.  Note: it should be in the checked state.\"}, \"commandJson\": {\"read checked checkbox\": {\"reading\": {\"jaws\": [[\"INS_TAB\"], [\"INS_UP\"]], \"nvda\": [[\"INS_TAB\"], [\"INS_UP\"]]}, \"interaction\": {\"jaws\": [[\"INS_TAB\"], [\"INS_UP\"]], \"nvda\": [[\"INS_TAB\"], [\"INS_UP\"]], \"voiceover_macos\": [[\"CTRL_OPT_F3\"], [\"CTRL_OPT_F4\"]]}}}, \"testFullName\": \"Read a checked checkbox in interaction mode\", \"executionOrder\": 14}}","{\"test\": {\"scripts\": \"var scripts = {\\n\\n\\t};\", \"htmlFile\": \"build/tests/checkbox/test-16-read-checkbox-group-reading.html\", \"testJson\": {\"mode\": \"reading\", \"task\": \"read checkbox group\", \"applies_to\": [\"jaws\", \"nvda\"], \"setupTestPage\": \"\", \"output_assertions\": [[\"2\", \"Role ''group'' is conveyed\"], [\"1\", \"Group name ''Sandwich Condiments'' is conveyed\"]], \"setup_script_description\": \"\", \"specific_user_instruction\": \"When reading cursor is on a checkbox, read its grouping information\"}, \"commandJson\": {\"read checkbox group\": {\"reading\": {\"jaws\": [[\"INS_TAB\"]], \"nvda\": [[\"INS_TAB\"]]}, \"interaction\": {\"jaws\": [[\"INS_TAB\"]], \"nvda\": [[\"INS_TAB\"]], \"voiceover_macos\": [[\"CTRL_OPT_F3\"], [\"CTRL_OPT_F4\"]]}}}, \"testFullName\": \"Read grouping information of a grouped checkbox in reading mode\", \"executionOrder\": 16}}","{\"test\": {\"scripts\": \"var scripts = {\\n\\n\\t};\", \"htmlFile\": \"build/tests/checkbox/test-17-read-checkbox-group-interaction.html\", \"testJson\": {\"mode\": \"interaction\", \"task\": \"read checkbox group\", \"applies_to\": [\"jaws\", \"nvda\"], \"setupTestPage\": \"\", \"output_assertions\": [[\"2\", \"Role ''group'' is conveyed\"], [\"1\", \"Group name ''Sandwich Condiments'' is conveyed\"]], \"setup_script_description\": \"\", \"specific_user_instruction\": \"When focus is on a checkbox, read its grouping information\"}, \"commandJson\": {\"read checkbox group\": {\"reading\": {\"jaws\": [[\"INS_TAB\"]], \"nvda\": [[\"INS_TAB\"]]}, \"interaction\": {\"jaws\": [[\"INS_TAB\"]], \"nvda\": [[\"INS_TAB\"]], \"voiceover_macos\": [[\"CTRL_OPT_F3\"], [\"CTRL_OPT_F4\"]]}}}, \"testFullName\": \"Read grouping information of a grouped checkbox in interaction mode\", \"executionOrder\": 17}}","{\"test\": {\"scripts\": \"var scripts = {\\n\\n\\t};\", \"htmlFile\": \"build/tests/checkbox/test-19-navigate-sequentially-through-checkbox-group-reading.html\", \"testJson\": {\"mode\": \"reading\", \"task\": \"navigate sequentially through checkbox group\", \"applies_to\": [\"jaws\", \"nvda\"], \"setupTestPage\": \"\", \"output_assertions\": [[\"1\", \"Role ''group'' is conveyed\"], [\"1\", \"Group name ''Sandwich Condiments'' is conveyed\"], [\"1\", \"Group boundaries at start and end of group are conveyed\"]], \"setup_script_description\": \"\", \"specific_user_instruction\": \"Navigate both forward and backward into and out of  the checkbox group.\"}, \"commandJson\": {\"navigate sequentially through checkbox group\": {\"reading\": {\"jaws\": [[\"UP\"], [\"DOWN\"]], \"nvda\": [[\"UP\"], [\"DOWN\"]]}, \"interaction\": {\"voiceover_macos\": [[\"CTRL_OPT_RIGHT\"], [\"CTRL_OPT_LEFT\"]]}}}, \"testFullName\": \"Navigate sequentially through a checkbox group in reading mode\", \"executionOrder\": 19}}","{\"test\": {\"scripts\": \"var scripts = {\\n\\n\\t};\", \"htmlFile\": \"build/tests/checkbox/test-21-navigate-into-checkbox-group-reading.html\", \"testJson\": {\"mode\": \"reading\", \"task\": \"navigate into checkbox group\", \"applies_to\": [\"jaws\", \"nvda\"], \"setupTestPage\": \"\", \"output_assertions\": [[\"2\", \"Role ''group'' is conveyed\"], [\"1\", \"Group name ''Sandwich Condiments'' is conveyed\"], [\"2\", \"The group boundary is conveyed\"]], \"setup_script_description\": \"\", \"specific_user_instruction\": \"Navigate from outside the checkbox group to a checkbox inside the group. Test both navigating forward into the start and backward into the end.\"}, \"commandJson\": {\"navigate into checkbox group\": {\"reading\": {\"jaws\": [[\"X\"], [\"SHIFT_X\"], [\"F\"], [\"SHIFT_F\"], [\"TAB\"], [\"SHIFT_TAB\"]], \"nvda\": [[\"X\"], [\"SHIFT_X\"], [\"F\"], [\"SHIFT_F\"], [\"TAB\"], [\"SHIFT_TAB\"]]}, \"interaction\": {\"jaws\": [[\"TAB\"], [\"SHIFT_TAB\"]], \"nvda\": [[\"TAB\"], [\"SHIFT_TAB\"]], \"voiceover_macos\": [[\"TAB\"], [\"SHIFT_TAB\"], [\"CTRL_OPT_RIGHT\"], [\"CTRL_OPT_LEFT\"], [\"CTRL_OPT_CMD_J\"], [\"SHIFT_CTRL_OPT_CMD_J\"]]}}}, \"testFullName\": \"Navigate into a checkbox group in reading mode\", \"executionOrder\": 21}}","{\"test\": {\"scripts\": \"var scripts = {\\n\\n\\t};\", \"htmlFile\": \"build/tests/checkbox/test-22-navigate-into-checkbox-group-interaction.html\", \"testJson\": {\"mode\": \"interaction\", \"task\": \"navigate into checkbox group\", \"applies_to\": [\"jaws\", \"nvda\"], \"setupTestPage\": \"\", \"output_assertions\": [[\"2\", \"Role ''group'' is conveyed\"], [\"1\", \"Group name ''Sandwich Condiments'' is conveyed\"], [\"2\", \"The group boundary is conveyed\"]], \"setup_script_description\": \"\", \"specific_user_instruction\": \"Navigate from outside the checkbox group to a checkbox inside the group. Test both navigating forward into the start and backward into the end.\"}, \"commandJson\": {\"navigate into checkbox group\": {\"reading\": {\"jaws\": [[\"X\"], [\"SHIFT_X\"], [\"F\"], [\"SHIFT_F\"], [\"TAB\"], [\"SHIFT_TAB\"]], \"nvda\": [[\"X\"], [\"SHIFT_X\"], [\"F\"], [\"SHIFT_F\"], [\"TAB\"], [\"SHIFT_TAB\"]]}, \"interaction\": {\"jaws\": [[\"TAB\"], [\"SHIFT_TAB\"]], \"nvda\": [[\"TAB\"], [\"SHIFT_TAB\"]], \"voiceover_macos\": [[\"TAB\"], [\"SHIFT_TAB\"], [\"CTRL_OPT_RIGHT\"], [\"CTRL_OPT_LEFT\"], [\"CTRL_OPT_CMD_J\"], [\"SHIFT_CTRL_OPT_CMD_J\"]]}}}, \"testFullName\": \"Navigate into a checkbox group in interaction mode\", \"executionOrder\": 22}}","{\"test\": {\"scripts\": \"var scripts = {\\n\\n\\t};\", \"htmlFile\": \"build/tests/checkbox/test-24-navigate-out-of-checkbox-group-reading.html\", \"testJson\": {\"mode\": \"reading\", \"task\": \"navigate out of checkbox group\", \"applies_to\": [\"jaws\", \"nvda\"], \"setupTestPage\": \"\", \"output_assertions\": [[\"2\", \"Role ''group'' is conveyed\"], [\"2\", \"Group name ''Sandwich Condiments'' is conveyed\"], [\"2\", \"The group boundary is conveyed\"]], \"setup_script_description\": \"\", \"specific_user_instruction\": \"Navigate from a checkbox inside the checkbox group to an element outside the checkbox group. Test both navigating forward out of the end and backward out of the start.\"}, \"commandJson\": {\"navigate out of checkbox group\": {\"reading\": {\"jaws\": [[\"TAB\"], [\"SHIFT_TAB\"]], \"nvda\": [[\"TAB\"], [\"SHIFT_TAB\"]]}, \"interaction\": {\"jaws\": [[\"TAB\"], [\"SHIFT_TAB\"]], \"nvda\": [[\"TAB\"], [\"SHIFT_TAB\"]], \"voiceover_macos\": [[\"TAB\"], [\"SHIFT_TAB\"], [\"CTRL_OPT_RIGHT\"], [\"CTRL_OPT_LEFT\"]]}}}, \"testFullName\": \"Navigate out of a checkbox group  in reading mode\", \"executionOrder\": 24}}","{\"test\": {\"scripts\": \"var scripts = {\\n\\n\\t};\", \"htmlFile\": \"build/tests/checkbox/test-25-navigate-out-of-checkbox-group-interaction.html\", \"testJson\": {\"mode\": \"interaction\", \"task\": \"navigate out of checkbox group\", \"applies_to\": [\"jaws\", \"nvda\"], \"setupTestPage\": \"\", \"output_assertions\": [[\"2\", \"Role ''group'' is conveyed\"], [\"2\", \"Group name ''Sandwich Condiments'' is conveyed\"], [\"2\", \"The group boundary is conveyed\"]], \"setup_script_description\": \"\", \"specific_user_instruction\": \"Navigate from a checkbox inside the checkbox group to an element outside the checkbox group. Test both navigating forward out of the end and backward out of the start.\"}, \"commandJson\": {\"navigate out of checkbox group\": {\"reading\": {\"jaws\": [[\"TAB\"], [\"SHIFT_TAB\"]], \"nvda\": [[\"TAB\"], [\"SHIFT_TAB\"]]}, \"interaction\": {\"jaws\": [[\"TAB\"], [\"SHIFT_TAB\"]], \"nvda\": [[\"TAB\"], [\"SHIFT_TAB\"]], \"voiceover_macos\": [[\"TAB\"], [\"SHIFT_TAB\"], [\"CTRL_OPT_RIGHT\"], [\"CTRL_OPT_LEFT\"]]}}}, \"testFullName\": \"Navigate out of a checkbox group in interaction mode\", \"executionOrder\": 25}}"}
');
INSERT INTO public."TestPlanRun" (id, "testerUserId", "testPlanReportId", "testResults") VALUES (4, 1, 3, '
	{"{\"test\": {\"scripts\": \"var scripts = {\\n\\n\\t};\", \"htmlFile\": \"build/tests/checkbox/test-01-navigate-to-unchecked-checkbox-reading.html\", \"testJson\": {\"mode\": \"reading\", \"task\": \"navigate to unchecked checkbox\", \"applies_to\": [\"jaws\", \"nvda\"], \"setupTestPage\": \"\", \"output_assertions\": [[\"1\", \"Role ''checkbox'' is conveyed\"], [\"1\", \"Name ''Lettuce'' is conveyed\"], [\"1\", \"State of the checkbox (not checked) is conveyed\"]], \"setup_script_description\": \"\", \"specific_user_instruction\": \"Navigate to the first checkbox. Note: it should be in the unchecked state.\"}, \"commandJson\": {\"navigate to unchecked checkbox\": {\"reading\": {\"jaws\": [[\"X_AND_SHIFT_X\"], [\"F_AND_SHIFT_F\"], [\"TAB_AND_SHIFT_TAB\"], [\"UP_AND_DOWN\"], [\"LEFT_AND_RIGHT\", \"(with Smart Navigation on)\"]], \"nvda\": [[\"X_AND_SHIFT_X\"], [\"F_AND_SHIFT_F\"], [\"TAB_AND_SHIFT_TAB\"], [\"UP_AND_DOWN\"]]}, \"interaction\": {\"jaws\": [[\"TAB_AND_SHIFT_TAB\"]], \"nvda\": [[\"TAB_AND_SHIFT_TAB\"]], \"voiceover_macos\": [[\"TAB_AND_SHIFT_TAB\"], [\"CTRL_OPT_RIGHT_AND_CTRL_OPT_LEFT\"], [\"CTRL_OPT_CMD_J_AND_SHIFT_CTRL_OPT_CMD_J\"]]}}}, \"testFullName\": \"Navigate to an unchecked checkbox in reading mode\", \"executionOrder\": 1}, \"state\": {\"info\": {\"mode\": \"reading\", \"task\": \"navigate to unchecked checkbox\", \"description\": \"Navigate to an unchecked checkbox in reading mode\", \"modeInstructions\": \"Insure NVDA is in browse mode by pressing Escape. Note: This command has no effect if NVDA is already in browse mode.\", \"userInstructions\": [\"Navigate to the first checkbox. Note: it should be in the unchecked state.\"], \"setupScriptDescription\": \"\"}, \"config\": {\"at\": {\"key\": \"nvda\", \"name\": \"NVDA\"}, \"displaySubmitButton\": true, \"renderResultsAfterSubmit\": true}, \"errors\": [], \"commands\": [{\"atOutput\": {\"value\": \"Sandwich condiments grouping list with 4 items lettuce checkbox not checked.\", \"highlightRequired\": false}, \"assertions\": [{\"result\": \"pass\", \"priority\": 1, \"description\": \"Role ''checkbox'' is conveyed\", \"highlightRequired\": false}, {\"result\": \"pass\", \"priority\": 1, \"description\": \"Name ''Lettuce'' is conveyed\", \"highlightRequired\": false}, {\"result\": \"pass\", \"priority\": 1, \"description\": \"State of the checkbox (not checked) is conveyed\", \"highlightRequired\": false}], \"unexpected\": {\"behaviors\": [{\"more\": null, \"checked\": false, \"description\": \"Output is excessively verbose, e.g., includes redundant and/or irrelevant speech\"}, {\"more\": null, \"checked\": false, \"description\": \"Reading cursor position changed in an unexpected manner\"}, {\"more\": null, \"checked\": false, \"description\": \"Screen reader became extremely sluggish\"}, {\"more\": null, \"checked\": false, \"description\": \"Screen reader crashed\"}, {\"more\": null, \"checked\": false, \"description\": \"Browser crashed\"}, {\"more\": {\"value\": \"\", \"highlightRequired\": false}, \"checked\": false, \"description\": \"Other\"}], \"hasUnexpected\": \"doesNotHaveUnexpected\", \"tabbedBehavior\": -1, \"highlightRequired\": false}, \"description\": \"X / Shift+X\", \"additionalAssertions\": []}, {\"atOutput\": {\"value\": \"Sandwich condiments grouping list with 4 items lettuce checkbox not checked.\", \"highlightRequired\": false}, \"assertions\": [{\"result\": \"pass\", \"priority\": 1, \"description\": \"Role ''checkbox'' is conveyed\", \"highlightRequired\": false}, {\"result\": \"pass\", \"priority\": 1, \"description\": \"Name ''Lettuce'' is conveyed\", \"highlightRequired\": false}, {\"result\": \"failMissing\", \"priority\": 1, \"description\": \"State of the checkbox (not checked) is conveyed\", \"highlightRequired\": false}], \"unexpected\": {\"behaviors\": [{\"more\": null, \"checked\": false, \"description\": \"Output is excessively verbose, e.g., includes redundant and/or irrelevant speech\"}, {\"more\": null, \"checked\": false, \"description\": \"Reading cursor position changed in an unexpected manner\"}, {\"more\": null, \"checked\": false, \"description\": \"Screen reader became extremely sluggish\"}, {\"more\": null, \"checked\": false, \"description\": \"Screen reader crashed\"}, {\"more\": null, \"checked\": false, \"description\": \"Browser crashed\"}, {\"more\": {\"value\": \"\", \"highlightRequired\": false}, \"checked\": false, \"description\": \"Other\"}], \"hasUnexpected\": \"doesNotHaveUnexpected\", \"tabbedBehavior\": -1, \"highlightRequired\": false}, \"description\": \"F / Shift+F\", \"additionalAssertions\": []}, {\"atOutput\": {\"value\": \"Sandwich condiments grouping list with 4 items lettuce checkbox not checked.\", \"highlightRequired\": false}, \"assertions\": [{\"result\": \"pass\", \"priority\": 1, \"description\": \"Role ''checkbox'' is conveyed\", \"highlightRequired\": false}, {\"result\": \"pass\", \"priority\": 1, \"description\": \"Name ''Lettuce'' is conveyed\", \"highlightRequired\": false}, {\"result\": \"failIncorrect\", \"priority\": 1, \"description\": \"State of the checkbox (not checked) is conveyed\", \"highlightRequired\": false}], \"unexpected\": {\"behaviors\": [{\"more\": null, \"checked\": false, \"description\": \"Output is excessively verbose, e.g., includes redundant and/or irrelevant speech\"}, {\"more\": null, \"checked\": false, \"description\": \"Reading cursor position changed in an unexpected manner\"}, {\"more\": null, \"checked\": false, \"description\": \"Screen reader became extremely sluggish\"}, {\"more\": null, \"checked\": false, \"description\": \"Screen reader crashed\"}, {\"more\": null, \"checked\": false, \"description\": \"Browser crashed\"}, {\"more\": {\"value\": \"\", \"highlightRequired\": false}, \"checked\": false, \"description\": \"Other\"}], \"hasUnexpected\": \"doesNotHaveUnexpected\", \"tabbedBehavior\": -1, \"highlightRequired\": false}, \"description\": \"Tab / Shift+Tab\", \"additionalAssertions\": []}, {\"atOutput\": {\"value\": \"Sandwich condiments grouping list with 4 items lettuce checkbox not checked.\", \"highlightRequired\": false}, \"assertions\": [{\"result\": \"pass\", \"priority\": 1, \"description\": \"Role ''checkbox'' is conveyed\", \"highlightRequired\": false}, {\"result\": \"pass\", \"priority\": 1, \"description\": \"Name ''Lettuce'' is conveyed\", \"highlightRequired\": false}, {\"result\": \"pass\", \"priority\": 1, \"description\": \"State of the checkbox (not checked) is conveyed\", \"highlightRequired\": false}], \"unexpected\": {\"behaviors\": [{\"more\": null, \"checked\": true, \"description\": \"Output is excessively verbose, e.g., includes redundant and/or irrelevant speech\"}, {\"more\": null, \"checked\": false, \"description\": \"Reading cursor position changed in an unexpected manner\"}, {\"more\": null, \"checked\": false, \"description\": \"Screen reader became extremely sluggish\"}, {\"more\": null, \"checked\": false, \"description\": \"Screen reader crashed\"}, {\"more\": null, \"checked\": false, \"description\": \"Browser crashed\"}, {\"more\": {\"value\": \"Custom text\", \"highlightRequired\": false}, \"checked\": true, \"description\": \"Other\"}], \"hasUnexpected\": \"hasUnexpected\", \"tabbedBehavior\": 0, \"highlightRequired\": false}, \"description\": \"Up Arrow / Down Arrow\", \"additionalAssertions\": []}], \"openTest\": {\"enabled\": true}, \"currentUserAction\": \"showResults\"}, \"result\": {\"results\": {\"table\": {\"headers\": {\"details\": \"Details\", \"support\": \"Support\", \"description\": \"Command\"}, \"commands\": [{\"details\": {\"output\": [\"output:\", {\"whitespace\": \"lineBreak\"}, \" \", \"Sandwich condiments grouping list with 4 items lettuce checkbox not checked.\"], \"failingAssertions\": {\"items\": [\"No failing assertions.\"], \"description\": \"Failing Assertions:\"}, \"passingAssertions\": {\"items\": [\"Role ''checkbox'' is conveyed\", \"Name ''Lettuce'' is conveyed\", \"State of the checkbox (not checked) is conveyed\"], \"description\": \"Passing Assertions:\"}, \"unexpectedBehaviors\": {\"items\": [\"No unexpect behaviors.\"], \"description\": \"Unexpected Behavior\"}}, \"support\": \"FULL\", \"description\": \"X / Shift+X\"}, {\"details\": {\"output\": [\"output:\", {\"whitespace\": \"lineBreak\"}, \" \", \"Sandwich condiments grouping list with 4 items lettuce checkbox not checked.\"], \"failingAssertions\": {\"items\": [\"State of the checkbox (not checked) is conveyed\"], \"description\": \"Failing Assertions:\"}, \"passingAssertions\": {\"items\": [\"Role ''checkbox'' is conveyed\", \"Name ''Lettuce'' is conveyed\"], \"description\": \"Passing Assertions:\"}, \"unexpectedBehaviors\": {\"items\": [\"No unexpect behaviors.\"], \"description\": \"Unexpected Behavior\"}}, \"support\": \"FAILING\", \"description\": \"F / Shift+F\"}, {\"details\": {\"output\": [\"output:\", {\"whitespace\": \"lineBreak\"}, \" \", \"Sandwich condiments grouping list with 4 items lettuce checkbox not checked.\"], \"failingAssertions\": {\"items\": [\"State of the checkbox (not checked) is conveyed\"], \"description\": \"Failing Assertions:\"}, \"passingAssertions\": {\"items\": [\"Role ''checkbox'' is conveyed\", \"Name ''Lettuce'' is conveyed\"], \"description\": \"Passing Assertions:\"}, \"unexpectedBehaviors\": {\"items\": [\"No unexpect behaviors.\"], \"description\": \"Unexpected Behavior\"}}, \"support\": \"FAILING\", \"description\": \"Tab / Shift+Tab\"}, {\"details\": {\"output\": [\"output:\", {\"whitespace\": \"lineBreak\"}, \" \", \"Sandwich condiments grouping list with 4 items lettuce checkbox not checked.\"], \"failingAssertions\": {\"items\": [\"No failing assertions.\"], \"description\": \"Failing Assertions:\"}, \"passingAssertions\": {\"items\": [\"Role ''checkbox'' is conveyed\", \"Name ''Lettuce'' is conveyed\", \"State of the checkbox (not checked) is conveyed\"], \"description\": \"Passing Assertions:\"}, \"unexpectedBehaviors\": {\"items\": [\"Output is excessively verbose, e.g., includes redundant and/or irrelevant speech\", \"Custom text\"], \"description\": \"Unexpected Behavior\"}}, \"support\": \"FAILING\", \"description\": \"Up Arrow / Down Arrow\"}]}, \"header\": \"Navigate to an unchecked checkbox in reading mode\", \"status\": {\"header\": [\"Test result: \", \"FAIL\"]}}, \"resultsJSON\": {\"test\": \"Navigate to an unchecked checkbox in reading mode\", \"status\": \"FAIL\", \"details\": {\"name\": \"Navigate to an unchecked checkbox in reading mode\", \"task\": \"navigate to unchecked checkbox\", \"summary\": {\"1\": {\"fail\": 2, \"pass\": 10}, \"2\": {\"fail\": 0, \"pass\": 0}, \"unexpectedCount\": 2}, \"commands\": [{\"output\": \"Sandwich condiments grouping list with 4 items lettuce checkbox not checked.\", \"command\": \"X / Shift+X\", \"support\": \"FULL\", \"assertions\": [{\"pass\": \"Good Output\", \"priority\": \"1\", \"assertion\": \"Role ''checkbox'' is conveyed\"}, {\"pass\": \"Good Output\", \"priority\": \"1\", \"assertion\": \"Name ''Lettuce'' is conveyed\"}, {\"pass\": \"Good Output\", \"priority\": \"1\", \"assertion\": \"State of the checkbox (not checked) is conveyed\"}], \"unexpected_behaviors\": []}, {\"output\": \"Sandwich condiments grouping list with 4 items lettuce checkbox not checked.\", \"command\": \"F / Shift+F\", \"support\": \"FAILING\", \"assertions\": [{\"pass\": \"Good Output\", \"priority\": \"1\", \"assertion\": \"Role ''checkbox'' is conveyed\"}, {\"pass\": \"Good Output\", \"priority\": \"1\", \"assertion\": \"Name ''Lettuce'' is conveyed\"}, {\"fail\": \"No Output\", \"priority\": \"1\", \"assertion\": \"State of the checkbox (not checked) is conveyed\"}], \"unexpected_behaviors\": []}, {\"output\": \"Sandwich condiments grouping list with 4 items lettuce checkbox not checked.\", \"command\": \"Tab / Shift+Tab\", \"support\": \"FAILING\", \"assertions\": [{\"pass\": \"Good Output\", \"priority\": \"1\", \"assertion\": \"Role ''checkbox'' is conveyed\"}, {\"pass\": \"Good Output\", \"priority\": \"1\", \"assertion\": \"Name ''Lettuce'' is conveyed\"}, {\"fail\": \"Incorrect Output\", \"priority\": \"1\", \"assertion\": \"State of the checkbox (not checked) is conveyed\"}], \"unexpected_behaviors\": []}, {\"output\": \"Sandwich condiments grouping list with 4 items lettuce checkbox not checked.\", \"command\": \"Up Arrow / Down Arrow\", \"support\": \"FAILING\", \"assertions\": [{\"pass\": \"Good Output\", \"priority\": \"1\", \"assertion\": \"Role ''checkbox'' is conveyed\"}, {\"pass\": \"Good Output\", \"priority\": \"1\", \"assertion\": \"Name ''Lettuce'' is conveyed\"}, {\"pass\": \"Good Output\", \"priority\": \"1\", \"assertion\": \"State of the checkbox (not checked) is conveyed\"}], \"unexpected_behaviors\": [\"Output is excessively verbose, e.g., includes redundant and/or irrelevant speech\", \"Custom text\"]}], \"specific_user_instruction\": \"Navigate to the first checkbox. Note: it should be in the unchecked state.\"}}}}","{\"test\": {\"scripts\": \"var scripts = {\\n\\n\\t};\", \"htmlFile\": \"build/tests/checkbox/test-02-navigate-to-unchecked-checkbox-interaction.html\", \"testJson\": {\"mode\": \"interaction\", \"task\": \"navigate to unchecked checkbox\", \"applies_to\": [\"jaws\", \"nvda\"], \"setupTestPage\": \"\", \"output_assertions\": [[\"1\", \"Role ''checkbox'' is conveyed\"], [\"1\", \"Name ''Lettuce'' is conveyed\"], [\"1\", \"State of the checkbox (not checked) is conveyed\"]], \"setup_script_description\": \"\", \"specific_user_instruction\": \"Navigate to the first checkbox. Note: it should be in the unchecked state.\"}, \"commandJson\": {\"navigate to unchecked checkbox\": {\"reading\": {\"jaws\": [[\"X_AND_SHIFT_X\"], [\"F_AND_SHIFT_F\"], [\"TAB_AND_SHIFT_TAB\"], [\"UP_AND_DOWN\"], [\"LEFT_AND_RIGHT\", \"(with Smart Navigation on)\"]], \"nvda\": [[\"X_AND_SHIFT_X\"], [\"F_AND_SHIFT_F\"], [\"TAB_AND_SHIFT_TAB\"], [\"UP_AND_DOWN\"]]}, \"interaction\": {\"jaws\": [[\"TAB_AND_SHIFT_TAB\"]], \"nvda\": [[\"TAB_AND_SHIFT_TAB\"]], \"voiceover_macos\": [[\"TAB_AND_SHIFT_TAB\"], [\"CTRL_OPT_RIGHT_AND_CTRL_OPT_LEFT\"], [\"CTRL_OPT_CMD_J_AND_SHIFT_CTRL_OPT_CMD_J\"]]}}}, \"testFullName\": \"Navigate to an unchecked checkbox in interaction mode\", \"executionOrder\": 2}}","{\"test\": {\"scripts\": \"var scripts = {\\n\\t\\tcheckFirstCheckbox: function(testPageDocument){\\n\\t\\t\\t// Set aria-checked on first checkbox\\n\\t\\t\\ttestPageDocument.querySelector(''[role=\\\"checkbox\\\"]'').setAttribute(''aria-checked'', ''true'');\\n\\t\\t}\\n\\t};\", \"htmlFile\": \"build/tests/checkbox/test-04-navigate-to-checked-checkbox-reading.html\", \"testJson\": {\"mode\": \"reading\", \"task\": \"navigate to checked checkbox\", \"applies_to\": [\"jaws\", \"nvda\"], \"setupTestPage\": \"checkFirstCheckbox\", \"output_assertions\": [[\"1\", \"Role ''checkbox'' is conveyed\"], [\"1\", \"Name ''Lettuce'' is conveyed\"], [\"1\", \"State of the checkbox (checked) is conveyed\"]], \"setup_script_description\": \"sets the state of the first checkbox to checked\", \"specific_user_instruction\": \"Navigate to the first checkbox. Note: it should be in the checked state.\"}, \"commandJson\": {\"navigate to checked checkbox\": {\"reading\": {\"jaws\": [[\"X_AND_SHIFT_X\"], [\"F_AND_SHIFT_F\"], [\"TAB_AND_SHIFT_TAB\"], [\"UP_AND_DOWN\"], [\"LEFT_AND_RIGHT\", \"(with Smart Navigation on)\"]], \"nvda\": [[\"X_AND_SHIFT_X\"], [\"F_AND_SHIFT_F\"], [\"TAB_AND_SHIFT_TAB\"], [\"UP_AND_DOWN\"]]}, \"interaction\": {\"jaws\": [[\"TAB_AND_SHIFT_TAB\"]], \"nvda\": [[\"TAB_AND_SHIFT_TAB\"]], \"voiceover_macos\": [[\"TAB_AND_SHIFT_TAB\"], [\"CTRL_OPT_RIGHT_AND_CTRL_OPT_LEFT\"], [\"CTRL_OPT_CMD_J_AND_SHIFT_CTRL_OPT_CMD_J\"]]}}}, \"testFullName\": \"Navigate to a checked checkbox in reading mode\", \"executionOrder\": 4}}","{\"test\": {\"scripts\": \"var scripts = {\\n\\t\\tcheckFirstCheckbox: function(testPageDocument){\\n\\t\\t\\t// Set aria-checked on first checkbox\\n\\t\\t\\ttestPageDocument.querySelector(''[role=\\\"checkbox\\\"]'').setAttribute(''aria-checked'', ''true'');\\n\\t\\t}\\n\\t};\", \"htmlFile\": \"build/tests/checkbox/test-05-navigate-to-checked-checkbox-interaction.html\", \"testJson\": {\"mode\": \"interaction\", \"task\": \"navigate to checked checkbox\", \"applies_to\": [\"jaws\", \"nvda\"], \"setupTestPage\": \"checkFirstCheckbox\", \"output_assertions\": [[\"1\", \"Role ''checkbox'' is conveyed\"], [\"1\", \"Name ''Lettuce'' is conveyed\"], [\"1\", \"State of the checkbox (checked) is conveyed\"]], \"setup_script_description\": \"sets the state of the first checkbox to checked\", \"specific_user_instruction\": \"Navigate to the first checkbox. Note: it should be in the checked state.\"}, \"commandJson\": {\"navigate to checked checkbox\": {\"reading\": {\"jaws\": [[\"X_AND_SHIFT_X\"], [\"F_AND_SHIFT_F\"], [\"TAB_AND_SHIFT_TAB\"], [\"UP_AND_DOWN\"], [\"LEFT_AND_RIGHT\", \"(with Smart Navigation on)\"]], \"nvda\": [[\"X_AND_SHIFT_X\"], [\"F_AND_SHIFT_F\"], [\"TAB_AND_SHIFT_TAB\"], [\"UP_AND_DOWN\"]]}, \"interaction\": {\"jaws\": [[\"TAB_AND_SHIFT_TAB\"]], \"nvda\": [[\"TAB_AND_SHIFT_TAB\"]], \"voiceover_macos\": [[\"TAB_AND_SHIFT_TAB\"], [\"CTRL_OPT_RIGHT_AND_CTRL_OPT_LEFT\"], [\"CTRL_OPT_CMD_J_AND_SHIFT_CTRL_OPT_CMD_J\"]]}}}, \"testFullName\": \"Navigate to a checked checkbox in interaction mode\", \"executionOrder\": 5}}","{\"test\": {\"scripts\": \"var scripts = {\\n\\n\\t};\", \"htmlFile\": \"build/tests/checkbox/test-07-operate-checkbox-reading.html\", \"testJson\": {\"mode\": \"reading\", \"task\": \"operate checkbox\", \"applies_to\": [\"jaws\", \"nvda\"], \"setupTestPage\": \"\", \"output_assertions\": [[\"1\", \"Change in state is conveyed\"]], \"setup_script_description\": \"\", \"specific_user_instruction\": \"Check and uncheck the first checkbox.\"}, \"commandJson\": {\"operate checkbox\": {\"reading\": {\"jaws\": [[\"ENTER\"], [\"SPACE\"]], \"nvda\": [[\"ENTER\"], [\"SPACE\"]]}, \"interaction\": {\"jaws\": [[\"SPACE\"]], \"nvda\": [[\"SPACE\"]], \"voiceover_macos\": [[\"CTRL_OPT_SPACE\"], [\"SPACE\"]]}}}, \"testFullName\": \"Operate a checkbox in reading mode\", \"executionOrder\": 7}}","{\"test\": {\"scripts\": \"var scripts = {\\n\\n\\t};\", \"htmlFile\": \"build/tests/checkbox/test-08-operate-checkbox-interaction.html\", \"testJson\": {\"mode\": \"interaction\", \"task\": \"operate checkbox\", \"applies_to\": [\"jaws\", \"nvda\"], \"setupTestPage\": \"\", \"output_assertions\": [[\"1\", \"Change in state is conveyed\"]], \"setup_script_description\": \"\", \"specific_user_instruction\": \"Check and uncheck the first checkbox.\"}, \"commandJson\": {\"operate checkbox\": {\"reading\": {\"jaws\": [[\"ENTER\"], [\"SPACE\"]], \"nvda\": [[\"ENTER\"], [\"SPACE\"]]}, \"interaction\": {\"jaws\": [[\"SPACE\"]], \"nvda\": [[\"SPACE\"]], \"voiceover_macos\": [[\"CTRL_OPT_SPACE\"], [\"SPACE\"]]}}}, \"testFullName\": \"Operate a checkbox in interaction mode\", \"executionOrder\": 8}}","{\"test\": {\"scripts\": \"var scripts = {\\n\\t\\tmoveFocusToFirstCheckbox: function(testPageDocument){\\n\\t\\t\\t// Move focus to first checkbox\\n\\t\\t\\ttestPageDocument.querySelector(''[role=\\\"checkbox\\\"]'').focus();\\n\\t\\t}\\n\\t};\", \"htmlFile\": \"build/tests/checkbox/test-10-read-unchecked-checkbox-reading.html\", \"testJson\": {\"mode\": \"reading\", \"task\": \"read unchecked checkbox\", \"applies_to\": [\"jaws\", \"nvda\"], \"setupTestPage\": \"moveFocusToFirstCheckbox\", \"output_assertions\": [[\"1\", \"Role ''checkbox'' is conveyed\"], [\"1\", \"Name ''Lettuce'' is conveyed\"], [\"1\", \"State of the checkbox (not checked) is conveyed\"]], \"setup_script_description\": \"sets focus on the first checkbox\", \"specific_user_instruction\": \"When the reading cursor is on the first checkbox, read the first checkbox\"}, \"commandJson\": {\"read unchecked checkbox\": {\"reading\": {\"jaws\": [[\"INS_TAB\"], [\"INS_UP\"]], \"nvda\": [[\"INS_TAB\"], [\"INS_UP\"]]}, \"interaction\": {\"jaws\": [[\"INS_TAB\"], [\"INS_UP\"]], \"nvda\": [[\"INS_TAB\"], [\"INS_UP\"]], \"voiceover_macos\": [[\"CTRL_OPT_F3\"], [\"CTRL_OPT_F4\"]]}}}, \"testFullName\": \"Read an unchecked checkbox in reading mode\", \"executionOrder\": 10}}","{\"test\": {\"scripts\": \"var scripts = {\\n\\t\\tmoveFocusToFirstCheckbox: function(testPageDocument){\\n\\t\\t\\t// Move focus to first checkbox\\n\\t\\t\\ttestPageDocument.querySelector(''[role=\\\"checkbox\\\"]'').focus();\\n\\t\\t}\\n\\t};\", \"htmlFile\": \"build/tests/checkbox/test-11-read-unchecked-checkbox-interaction.html\", \"testJson\": {\"mode\": \"interaction\", \"task\": \"read unchecked checkbox\", \"applies_to\": [\"jaws\", \"nvda\"], \"setupTestPage\": \"moveFocusToFirstCheckbox\", \"output_assertions\": [[\"1\", \"Role ''checkbox'' is conveyed\"], [\"1\", \"Name ''Lettuce'' is conveyed\"], [\"1\", \"State of the checkbox (not checked) is conveyed\"]], \"setup_script_description\": \"sets focus on the first checkbox\", \"specific_user_instruction\": \"When the focus is on the first checkbox, read the first checkbox\"}, \"commandJson\": {\"read unchecked checkbox\": {\"reading\": {\"jaws\": [[\"INS_TAB\"], [\"INS_UP\"]], \"nvda\": [[\"INS_TAB\"], [\"INS_UP\"]]}, \"interaction\": {\"jaws\": [[\"INS_TAB\"], [\"INS_UP\"]], \"nvda\": [[\"INS_TAB\"], [\"INS_UP\"]], \"voiceover_macos\": [[\"CTRL_OPT_F3\"], [\"CTRL_OPT_F4\"]]}}}, \"testFullName\": \"Read an unchecked checkbox in interaction mode\", \"executionOrder\": 11}}","{\"test\": {\"scripts\": \"var scripts = {\\n\\t\\tmoveFocusAndCheckFirstCheckbox: function(testPageDocument){\\n\\t\\t\\t// Move focus and set aria-checked on first checkbox\\n\\t\\t\\tconst checkbox = testPageDocument.querySelector(''[role=\\\"checkbox\\\"]'');\\n\\t\\t\\tcheckbox.focus();\\n\\t\\t\\tcheckbox.setAttribute(''aria-checked'', ''true'');\\n\\t\\t}\\n\\t};\", \"htmlFile\": \"build/tests/checkbox/test-13-read-checked-checkbox-reading.html\", \"testJson\": {\"mode\": \"reading\", \"task\": \"read checked checkbox\", \"applies_to\": [\"jaws\", \"nvda\"], \"setupTestPage\": \"moveFocusAndCheckFirstCheckbox\", \"output_assertions\": [[\"1\", \"Role ''checkbox'' is conveyed\"], [\"1\", \"Name ''Lettuce'' is conveyed\"], [\"1\", \"State of the checkbox ( checked) is conveyed\"]], \"setup_script_description\": \"sets focus on the first checkbox and sets its state to checked\", \"specific_user_instruction\": \"When the reading cursor is on the first checkbox, read the first checkbox.  Note: it should be in the checked state.\"}, \"commandJson\": {\"read checked checkbox\": {\"reading\": {\"jaws\": [[\"INS_TAB\"], [\"INS_UP\"]], \"nvda\": [[\"INS_TAB\"], [\"INS_UP\"]]}, \"interaction\": {\"jaws\": [[\"INS_TAB\"], [\"INS_UP\"]], \"nvda\": [[\"INS_TAB\"], [\"INS_UP\"]], \"voiceover_macos\": [[\"CTRL_OPT_F3\"], [\"CTRL_OPT_F4\"]]}}}, \"testFullName\": \"Read a checked checkbox in reading mode\", \"executionOrder\": 13}}","{\"test\": {\"scripts\": \"var scripts = {\\n\\t\\tmoveFocusAndCheckFirstCheckbox: function(testPageDocument){\\n\\t\\t\\t// Move focus and set aria-checked on first checkbox\\n\\t\\t\\tconst checkbox = testPageDocument.querySelector(''[role=\\\"checkbox\\\"]'');\\n\\t\\t\\tcheckbox.focus();\\n\\t\\t\\tcheckbox.setAttribute(''aria-checked'', ''true'');\\n\\t\\t}\\n\\t};\", \"htmlFile\": \"build/tests/checkbox/test-14-read-checked-checkbox-interaction.html\", \"testJson\": {\"mode\": \"interaction\", \"task\": \"read checked checkbox\", \"applies_to\": [\"jaws\", \"nvda\"], \"setupTestPage\": \"moveFocusAndCheckFirstCheckbox\", \"output_assertions\": [[\"1\", \"Role ''checkbox'' is conveyed\"], [\"1\", \"Name ''Lettuce'' is conveyed\"], [\"1\", \"State of the checkbox (checked) is conveyed\"]], \"setup_script_description\": \"sets focus on the first checkbox and sets its state to checked\", \"specific_user_instruction\": \"When the focus is on the first checkbox, read the first checkbox.  Note: it should be in the checked state.\"}, \"commandJson\": {\"read checked checkbox\": {\"reading\": {\"jaws\": [[\"INS_TAB\"], [\"INS_UP\"]], \"nvda\": [[\"INS_TAB\"], [\"INS_UP\"]]}, \"interaction\": {\"jaws\": [[\"INS_TAB\"], [\"INS_UP\"]], \"nvda\": [[\"INS_TAB\"], [\"INS_UP\"]], \"voiceover_macos\": [[\"CTRL_OPT_F3\"], [\"CTRL_OPT_F4\"]]}}}, \"testFullName\": \"Read a checked checkbox in interaction mode\", \"executionOrder\": 14}}","{\"test\": {\"scripts\": \"var scripts = {\\n\\n\\t};\", \"htmlFile\": \"build/tests/checkbox/test-16-read-checkbox-group-reading.html\", \"testJson\": {\"mode\": \"reading\", \"task\": \"read checkbox group\", \"applies_to\": [\"jaws\", \"nvda\"], \"setupTestPage\": \"\", \"output_assertions\": [[\"2\", \"Role ''group'' is conveyed\"], [\"1\", \"Group name ''Sandwich Condiments'' is conveyed\"]], \"setup_script_description\": \"\", \"specific_user_instruction\": \"When reading cursor is on a checkbox, read its grouping information\"}, \"commandJson\": {\"read checkbox group\": {\"reading\": {\"jaws\": [[\"INS_TAB\"]], \"nvda\": [[\"INS_TAB\"]]}, \"interaction\": {\"jaws\": [[\"INS_TAB\"]], \"nvda\": [[\"INS_TAB\"]], \"voiceover_macos\": [[\"CTRL_OPT_F3\"], [\"CTRL_OPT_F4\"]]}}}, \"testFullName\": \"Read grouping information of a grouped checkbox in reading mode\", \"executionOrder\": 16}}","{\"test\": {\"scripts\": \"var scripts = {\\n\\n\\t};\", \"htmlFile\": \"build/tests/checkbox/test-17-read-checkbox-group-interaction.html\", \"testJson\": {\"mode\": \"interaction\", \"task\": \"read checkbox group\", \"applies_to\": [\"jaws\", \"nvda\"], \"setupTestPage\": \"\", \"output_assertions\": [[\"2\", \"Role ''group'' is conveyed\"], [\"1\", \"Group name ''Sandwich Condiments'' is conveyed\"]], \"setup_script_description\": \"\", \"specific_user_instruction\": \"When focus is on a checkbox, read its grouping information\"}, \"commandJson\": {\"read checkbox group\": {\"reading\": {\"jaws\": [[\"INS_TAB\"]], \"nvda\": [[\"INS_TAB\"]]}, \"interaction\": {\"jaws\": [[\"INS_TAB\"]], \"nvda\": [[\"INS_TAB\"]], \"voiceover_macos\": [[\"CTRL_OPT_F3\"], [\"CTRL_OPT_F4\"]]}}}, \"testFullName\": \"Read grouping information of a grouped checkbox in interaction mode\", \"executionOrder\": 17}}","{\"test\": {\"scripts\": \"var scripts = {\\n\\n\\t};\", \"htmlFile\": \"build/tests/checkbox/test-19-navigate-sequentially-through-checkbox-group-reading.html\", \"testJson\": {\"mode\": \"reading\", \"task\": \"navigate sequentially through checkbox group\", \"applies_to\": [\"jaws\", \"nvda\"], \"setupTestPage\": \"\", \"output_assertions\": [[\"1\", \"Role ''group'' is conveyed\"], [\"1\", \"Group name ''Sandwich Condiments'' is conveyed\"], [\"1\", \"Group boundaries at start and end of group are conveyed\"]], \"setup_script_description\": \"\", \"specific_user_instruction\": \"Navigate both forward and backward into and out of  the checkbox group.\"}, \"commandJson\": {\"navigate sequentially through checkbox group\": {\"reading\": {\"jaws\": [[\"UP\"], [\"DOWN\"]], \"nvda\": [[\"UP\"], [\"DOWN\"]]}, \"interaction\": {\"voiceover_macos\": [[\"CTRL_OPT_RIGHT\"], [\"CTRL_OPT_LEFT\"]]}}}, \"testFullName\": \"Navigate sequentially through a checkbox group in reading mode\", \"executionOrder\": 19}}","{\"test\": {\"scripts\": \"var scripts = {\\n\\n\\t};\", \"htmlFile\": \"build/tests/checkbox/test-21-navigate-into-checkbox-group-reading.html\", \"testJson\": {\"mode\": \"reading\", \"task\": \"navigate into checkbox group\", \"applies_to\": [\"jaws\", \"nvda\"], \"setupTestPage\": \"\", \"output_assertions\": [[\"2\", \"Role ''group'' is conveyed\"], [\"1\", \"Group name ''Sandwich Condiments'' is conveyed\"], [\"2\", \"The group boundary is conveyed\"]], \"setup_script_description\": \"\", \"specific_user_instruction\": \"Navigate from outside the checkbox group to a checkbox inside the group. Test both navigating forward into the start and backward into the end.\"}, \"commandJson\": {\"navigate into checkbox group\": {\"reading\": {\"jaws\": [[\"X\"], [\"SHIFT_X\"], [\"F\"], [\"SHIFT_F\"], [\"TAB\"], [\"SHIFT_TAB\"]], \"nvda\": [[\"X\"], [\"SHIFT_X\"], [\"F\"], [\"SHIFT_F\"], [\"TAB\"], [\"SHIFT_TAB\"]]}, \"interaction\": {\"jaws\": [[\"TAB\"], [\"SHIFT_TAB\"]], \"nvda\": [[\"TAB\"], [\"SHIFT_TAB\"]], \"voiceover_macos\": [[\"TAB\"], [\"SHIFT_TAB\"], [\"CTRL_OPT_RIGHT\"], [\"CTRL_OPT_LEFT\"], [\"CTRL_OPT_CMD_J\"], [\"SHIFT_CTRL_OPT_CMD_J\"]]}}}, \"testFullName\": \"Navigate into a checkbox group in reading mode\", \"executionOrder\": 21}}","{\"test\": {\"scripts\": \"var scripts = {\\n\\n\\t};\", \"htmlFile\": \"build/tests/checkbox/test-22-navigate-into-checkbox-group-interaction.html\", \"testJson\": {\"mode\": \"interaction\", \"task\": \"navigate into checkbox group\", \"applies_to\": [\"jaws\", \"nvda\"], \"setupTestPage\": \"\", \"output_assertions\": [[\"2\", \"Role ''group'' is conveyed\"], [\"1\", \"Group name ''Sandwich Condiments'' is conveyed\"], [\"2\", \"The group boundary is conveyed\"]], \"setup_script_description\": \"\", \"specific_user_instruction\": \"Navigate from outside the checkbox group to a checkbox inside the group. Test both navigating forward into the start and backward into the end.\"}, \"commandJson\": {\"navigate into checkbox group\": {\"reading\": {\"jaws\": [[\"X\"], [\"SHIFT_X\"], [\"F\"], [\"SHIFT_F\"], [\"TAB\"], [\"SHIFT_TAB\"]], \"nvda\": [[\"X\"], [\"SHIFT_X\"], [\"F\"], [\"SHIFT_F\"], [\"TAB\"], [\"SHIFT_TAB\"]]}, \"interaction\": {\"jaws\": [[\"TAB\"], [\"SHIFT_TAB\"]], \"nvda\": [[\"TAB\"], [\"SHIFT_TAB\"]], \"voiceover_macos\": [[\"TAB\"], [\"SHIFT_TAB\"], [\"CTRL_OPT_RIGHT\"], [\"CTRL_OPT_LEFT\"], [\"CTRL_OPT_CMD_J\"], [\"SHIFT_CTRL_OPT_CMD_J\"]]}}}, \"testFullName\": \"Navigate into a checkbox group in interaction mode\", \"executionOrder\": 22}}","{\"test\": {\"scripts\": \"var scripts = {\\n\\n\\t};\", \"htmlFile\": \"build/tests/checkbox/test-24-navigate-out-of-checkbox-group-reading.html\", \"testJson\": {\"mode\": \"reading\", \"task\": \"navigate out of checkbox group\", \"applies_to\": [\"jaws\", \"nvda\"], \"setupTestPage\": \"\", \"output_assertions\": [[\"2\", \"Role ''group'' is conveyed\"], [\"2\", \"Group name ''Sandwich Condiments'' is conveyed\"], [\"2\", \"The group boundary is conveyed\"]], \"setup_script_description\": \"\", \"specific_user_instruction\": \"Navigate from a checkbox inside the checkbox group to an element outside the checkbox group. Test both navigating forward out of the end and backward out of the start.\"}, \"commandJson\": {\"navigate out of checkbox group\": {\"reading\": {\"jaws\": [[\"TAB\"], [\"SHIFT_TAB\"]], \"nvda\": [[\"TAB\"], [\"SHIFT_TAB\"]]}, \"interaction\": {\"jaws\": [[\"TAB\"], [\"SHIFT_TAB\"]], \"nvda\": [[\"TAB\"], [\"SHIFT_TAB\"]], \"voiceover_macos\": [[\"TAB\"], [\"SHIFT_TAB\"], [\"CTRL_OPT_RIGHT\"], [\"CTRL_OPT_LEFT\"]]}}}, \"testFullName\": \"Navigate out of a checkbox group  in reading mode\", \"executionOrder\": 24}}","{\"test\": {\"scripts\": \"var scripts = {\\n\\n\\t};\", \"htmlFile\": \"build/tests/checkbox/test-25-navigate-out-of-checkbox-group-interaction.html\", \"testJson\": {\"mode\": \"interaction\", \"task\": \"navigate out of checkbox group\", \"applies_to\": [\"jaws\", \"nvda\"], \"setupTestPage\": \"\", \"output_assertions\": [[\"2\", \"Role ''group'' is conveyed\"], [\"2\", \"Group name ''Sandwich Condiments'' is conveyed\"], [\"2\", \"The group boundary is conveyed\"]], \"setup_script_description\": \"\", \"specific_user_instruction\": \"Navigate from a checkbox inside the checkbox group to an element outside the checkbox group. Test both navigating forward out of the end and backward out of the start.\"}, \"commandJson\": {\"navigate out of checkbox group\": {\"reading\": {\"jaws\": [[\"TAB\"], [\"SHIFT_TAB\"]], \"nvda\": [[\"TAB\"], [\"SHIFT_TAB\"]]}, \"interaction\": {\"jaws\": [[\"TAB\"], [\"SHIFT_TAB\"]], \"nvda\": [[\"TAB\"], [\"SHIFT_TAB\"]], \"voiceover_macos\": [[\"TAB\"], [\"SHIFT_TAB\"], [\"CTRL_OPT_RIGHT\"], [\"CTRL_OPT_LEFT\"]]}}}, \"testFullName\": \"Navigate out of a checkbox group in interaction mode\", \"executionOrder\": 25}}"}
');

--
-- Name: At_id_seq; Type: SEQUENCE SET; Schema: public; Owner: atr
--

SELECT pg_catalog.setval('public."At_id_seq"', 100, true);


--
-- Name: Browser_id_seq; Type: SEQUENCE SET; Schema: public; Owner: atr
--

SELECT pg_catalog.setval('public."Browser_id_seq"', 100, true);


--
-- Name: At_id_seq; Type: SEQUENCE SET; Schema: public; Owner: atr
--

SELECT pg_catalog.setval('public."At_id_seq"', 100, true);


--
-- Name: Browser_id_seq; Type: SEQUENCE SET; Schema: public; Owner: atr
--

SELECT pg_catalog.setval('public."Browser_id_seq"', 100, true);


--
-- Name: TestPlanReport_id_seq; Type: SEQUENCE SET; Schema: public; Owner: atr
--

SELECT pg_catalog.setval('public."TestPlanReport_id_seq"', 100, true);


--
-- Name: TestPlanRun_id_seq; Type: SEQUENCE SET; Schema: public; Owner: atr
--

SELECT pg_catalog.setval('public."TestPlanRun_id_seq"', 100, true);


--
-- Name: TestPlanTarget_id_seq; Type: SEQUENCE SET; Schema: public; Owner: atr
--

SELECT pg_catalog.setval('public."TestPlanTarget_id_seq"', 100, true);


--
-- Name: TestPlan_id_seq; Type: SEQUENCE SET; Schema: public; Owner: atr
--

SELECT pg_catalog.setval('public."TestPlan_id_seq"', 100, true);


--
-- Name: User_id_seq; Type: SEQUENCE SET; Schema: public; Owner: atr
--

SELECT pg_catalog.setval('public."User_id_seq"', 100, true);


--
-- PostgreSQL database dump complete
--

